hanzi,pinyin,meaning_vi,hsk,lesson,pos,example_zh,example_vi,note,verified,active,traditional,radical,frequency,homophone_key,meanings_en,flags
爱,ài,,1,,"v,vn,b",,,,FALSE,TRUE,愛,爫,130,ai,to love; to be fond of; to like; affection; to be inclined (to do sth); to tend to (happen),
八,bā,,1,,"m,t",,,,FALSE,TRUE,,八,1362,ba,eight; 8,
爸爸,bà ba,,1,,n,,,,FALSE,TRUE,,父,908,baba,(coll.) father; dad,
杯子,bēi zi,,1,,n,,,,FALSE,TRUE,,木,6162,beizi,cup; glass,
北京,běi jīng,,1,,ns,,,,FALSE,TRUE,,匕,4799,beijing,"Beijing, capital of the People's Republic of China",
本,běn,,1,,"r,q,d,n",,,,FALSE,TRUE,,木,222,ben,root; stem; origin,
不,bù,,1,,d,,,,FALSE,TRUE,,一,9,bu,no; not so; (bound form) not; un-,
不客气,bù kè qi,,1,,,,,,FALSE,TRUE,不客氣,一,16723,bukeqi,you're welcome; don't mention it; impolite,
菜,cài,,1,,n,,,,FALSE,TRUE,,艹,1448,cai,dish (type of food); vegetable; cuisine,
茶,chá,,1,,"n,g",,,,FALSE,TRUE,,艹,1910,cha,tea; tea plant,
吃,chī,,1,,v,,,,FALSE,TRUE,,口,142,chi,to eat; to consume; to eat at (a cafeteria etc); to eradicate; to destroy,multi_reading
出租车,chū zū chē,,1,,n,,,,FALSE,TRUE,出租車,凵,2677,chuzuche,taxi; (Tw) rental car,
打电话,dǎ diàn huà,,1,,v,,,,FALSE,TRUE,打電話,扌,1218,dadianhua,to make a telephone call,
大,dà,,1,,"a,d,n,g",,,,FALSE,TRUE,,大,66,da,big; large; great; older (than another person); eldest (as in 姐),multi_reading
的,de,,1,,"u,n",,,,FALSE,TRUE,,白,1,de,of; ~'s (possessive particle); (used after an attribute); (used to form a nominal expression),multi_reading; single_char_multi_sound
点,diǎn,,1,,"qt,n,t,v",,,,FALSE,TRUE,點,灬,58,dian,point; dot; drop,
电脑,diàn nǎo,,1,,n,,,,FALSE,TRUE,電腦,曰,946,diannao,computer,
电视,diàn shì,,1,,n,,,,FALSE,TRUE,電視,曰,779,dianshi,television; TV,
电影,diàn yǐng,,1,,n,,,,FALSE,TRUE,電影,曰,546,dianying,movie; film,
东西,dōng xi,,1,,"n,f,nr",,,,FALSE,TRUE,東西,一,226,dongxi,thing; stuff; person,ambiguous_tone; multi_reading
都,dōu,,1,,"d,g",,,,FALSE,TRUE,,阝,25,dou,all; both; entirely; (used for emphasis) even; already,multi_reading; single_char_multi_sound
读,dú,,1,,v,,,,FALSE,TRUE,讀,讠,1013,du,to read out; to read aloud; to read; to attend (school); to study (a subject in school),multi_reading; single_char_multi_sound
对不起,duì bu qǐ,,1,,v,,,,FALSE,TRUE,對不起,寸,1577,duibuqi,I'm sorry; excuse me; I beg your pardon; to let (sb) down; to disappoint,
多,duō,,1,,"a,m,ad,d,v,g",,,,FALSE,TRUE,,夕,80,duo,many; much; too many; in excess; (after a numeral) ... odd,
多少,duō shao,,1,,r,,,,FALSE,TRUE,,夕,526,duoshao,"how much?; how many?; (phone number, student ID etc) what number?",ambiguous_tone; multi_reading
儿子,ér zi,,1,,n,,,,FALSE,TRUE,兒子,儿,665,erzi,son,
二,èr,,1,,"m,t",,,,FALSE,TRUE,,二,664,er,two; 2; (Beijing dialect) stupid,
饭馆,fàn guǎn,,1,,n,,,,FALSE,TRUE,飯館,饣,16449,fanguan,restaurant,absent_sourceB
飞机,fēi jī,,1,,n,,,,FALSE,TRUE,飛機,飞,1067,feiji,airplane,
分钟,fēn zhōng,,1,,qt,,,,FALSE,TRUE,分鐘,刀,465,fenzhong,minute,
高兴,gāo xìng,,1,,"a,an",,,,FALSE,TRUE,高興,高,920,gaoxing,happy; glad; willing (to do sth),
个,gè,,1,,"q,g",,,,FALSE,TRUE,個,丨,19,ge,(classifier used before a noun that has no specific classifier); (bound form) individual,multi_reading
工作,gōng zuò,,1,,"vn,v,n",,,,FALSE,TRUE,,工,111,gongzuo,to work; (of a machine) to operate; job,
狗,gǒu,,1,,n,,,,FALSE,TRUE,,犭,620,gou,dog,
汉语,hàn yǔ,,1,,nz,,,,FALSE,TRUE,漢語,氵,13422,hanyu,Chinese language,
好,hǎo,,1,,"a,d,v",,,,FALSE,TRUE,,女,20,hao,good; appropriate; proper; all right!,multi_reading; single_char_multi_tone
喝,hē,,1,,"g,vn",,,,FALSE,TRUE,,口,428,he,to drink; variant of 嗬,multi_reading; single_char_multi_tone
和,hé,,1,,"cc,p,v,qv,g,n",,,,FALSE,TRUE,,口,19,he,(joining two nouns) and; together with; with (Taiwan pr. [hàn]); (math.) sum; to make peace,multi_reading; single_char_multi_sound
很,hěn,,1,,d,,,,FALSE,TRUE,,彳,35,hen,(adverb of degree); quite; very,
后面,hòu mian,,1,,f,,,,FALSE,TRUE,後面,口,1300,houmian,the back; the rear; the last bit; behind; near the end; at the back; later; afterwards,
回,huí,,1,,"v,qv",,,,FALSE,TRUE,,囗,225,hui,to circle; to go back; to turn around,multi_reading
会,huì,,1,,"v,n",,,,FALSE,TRUE,會,人,23,hui,can; to have the skill; to know how to; to be likely to; to be sure to; to meet; to get together,multi_reading; single_char_multi_sound
火车站,huǒ chē zhàn,,1,,n,,,,FALSE,TRUE,火車站,火,7270,huochezhan,train station,
几,jǐ,,1,,"m,d",,,,FALSE,TRUE,幾,几,178,ji,how much; how many; several,multi_reading; single_char_multi_tone
家,jiā,,1,,"n,q",,,,FALSE,TRUE,,宀,124,jia,"home; family; (polite) my (sister, uncle etc)",multi_reading
叫,jiào,,1,,"v,p,n",,,,FALSE,TRUE,,口,200,jiao,to shout; to call; to order,multi_reading
今天,jīn tiān,,1,,t,,,,FALSE,TRUE,,人,155,jintian,today; at the present; now,
九,jiǔ,,1,,"m,t,b",,,,FALSE,TRUE,,乙,2040,jiu,nine; 9,
开,kāi,,1,,"v,q",,,,FALSE,TRUE,開,廾,195,kai,"to open (transitive or intransitive); (of ships, vehicles, troops etc) to start; to turn on; to put in operation; to operate; to run",
看,kàn,,1,,"v,u",,,,FALSE,TRUE,,目,52,kan,to see; to look at; to read; to watch,multi_reading; single_char_multi_tone
看见,kàn jiàn,,1,,v,,,,FALSE,TRUE,看見,目,870,kanjian,to see; to catch sight of,
块,kuài,,1,,"q,g",,,,FALSE,TRUE,塊,土,483,kuai,"lump; chunk; piece; classifier for pieces of cloth, cake, soap etc; (coll.) classifier for money and currency units",
来,lái,,1,,"v,f,m,u,y",,,,FALSE,TRUE,來,木,31,lai,"to come; (used as a substitute for a more specific verb); hither (directional complement for motion toward the speaker, as in 回来)",
老师,lǎo shī,,1,,n,,,,FALSE,TRUE,老師,老,799,laoshi,teacher,
了,le,,1,,"y,u,v",,,"HSK1 dùng làm trợ từ thể (吃了). pinyin-pro trả 'liǎo' là nghĩa 'xong/hoàn tất', không phải cách dùng HSK1.",TRUE,TRUE,,亅,3,le,"(completed action marker); (modal particle indicating change of state, situation now); (modal particle intensifying preceding clause)",override; multi_reading
冷,lěng,,1,,"a,ad,g",,,,FALSE,TRUE,,冫,1027,leng,cold,multi_reading
里,lǐ,,1,,"f,q",,,,FALSE,TRUE,裡,里,75,li,lining; interior; inside,multi_reading
零,líng,,1,,"m,t,g",,,,FALSE,TRUE,,雨,3623,ling,zero; nought; zero sign,
六,liù,,1,,"m,t",,,,FALSE,TRUE,,八,802,liu,six; 6,
妈妈,mā ma,,1,,n,,,,FALSE,TRUE,媽媽,女,527,mama,mama; mommy; mother,
吗,ma,,1,,y,,,,FALSE,TRUE,嗎,口,83,ma,"(question particle for ""yes-no"" questions)",multi_reading; single_char_multi_tone
买,mǎi,,1,,v,,,,FALSE,TRUE,買,大,240,mai,to buy; to purchase,
猫,māo,,1,,"n,v",,,,FALSE,TRUE,貓,犭,1150,mao,cat; (dialect) to hide oneself; (coll.) modem,
没,méi,,1,,"d,v",,,,FALSE,TRUE,沒,氵,63,mei,(negative prefix for verbs) have not; not,absent_sourceB; multi_reading; single_char_multi_sound
没关系,méi guān xi,,1,,v,,,,FALSE,TRUE,沒關係,氵,3541,meiguanxi,it doesn't matter,
米饭,mǐ fàn,,1,,n,,,,FALSE,TRUE,米飯,米,10194,mifan,(cooked) rice,
名字,míng zi,,1,,n,,,,FALSE,TRUE,,口,829,mingzi,name (of a person or thing),
明天,míng tiān,,1,,t,,,,FALSE,TRUE,,日,469,mingtian,tomorrow,
哪,nǎ,,1,,"r,y",,,,FALSE,TRUE,,口,547,na,how; which,multi_reading; single_char_multi_sound
那,nà,,1,,"r,c",,,,FALSE,TRUE,,阝,48,na,"(specifier) that; the; those (colloquial pr. [nèi]); (pronoun) that (referring to persons, things or situations); then (in that case)",multi_reading; single_char_multi_sound
呢,ne,,1,,y,,,,FALSE,TRUE,,口,96,ne,"particle indicating that a previously asked question is to be applied to the preceding word (""What about ...?"", ""And ...?""); particle for inquiring about location (""Where is ...?""); particle signaling a pause, to emphasize the preceding words and allow the listener time to take them on board (""ok?"", ""are you with me?"")",multi_reading; single_char_multi_sound
能,néng,,1,,"v,g",,,,FALSE,TRUE,,⺼,46,neng,can; to be able to; might possibly,multi_reading
你,nǐ,,1,,r,,,,FALSE,TRUE,,亻,5,ni,"you (informal, as opposed to courteous 您)",multi_reading
年,nián,,1,,"qt,t,n",,,,FALSE,TRUE,,干,79,nian,year,multi_reading
女儿,nǚ ér,,1,,n,,,,FALSE,TRUE,女兒,女,879,nuer,daughter,
朋友,péng you,,1,,n,,,,FALSE,TRUE,,月,280,pengyou,friend,
漂亮,piào liang,,1,,a,,,,FALSE,TRUE,,氵,915,piaoliang,pretty; beautiful,
苹果,píng guǒ,,1,,n,,,,FALSE,TRUE,蘋果,艹,2562,pingguo,apple,
七,qī,,1,,"m,t",,,,FALSE,TRUE,,一,1419,qi,seven; 7,
前面,qián miàn,,1,,f,,,,FALSE,TRUE,,刂,1789,qianmian,ahead; in front; preceding,
钱,qián,,1,,"n,nr",,,,FALSE,TRUE,錢,钅,218,qian,"coin; money; unit of weight, one tenth of a tael 两",multi_reading
请,qǐng,,1,,v,,,,FALSE,TRUE,請,讠,216,qing,to ask; to invite; please (do sth),
去,qù,,1,,v,,,,FALSE,TRUE,,厶,38,qu,to go; to go to (a place); (of a time etc) last,
热,rè,,1,,"a,n,k,v,ad,an",,,,FALSE,TRUE,熱,灬,938,re,to warm up; to heat up; hot (of weather),
人,rén,,1,,n,,,,FALSE,TRUE,,人,19,ren,person; people,
认识,rèn shi,,1,,"v,n,vn",,,,FALSE,TRUE,認識,讠,463,renshi,to know; to recognize; to be familiar with,
日,rì,,1,,"t,g,b,qt",,,,FALSE,TRUE,,日,395,ri,"sun; day; date, day of the month",multi_reading
三,sān,,1,,"m,t",,,,FALSE,TRUE,,一,233,san,three; 3,multi_reading
商店,shāng diàn,,1,,n,,,,FALSE,TRUE,,口,3479,shangdian,store; shop,
上,shàng,,1,,"f,v,g",,,,FALSE,TRUE,,一,29,shang,(bound form) up; upper; above; previous; first (of multiple parts); to climb; to get onto; to go up,multi_reading
上午,shàng wǔ,,1,,t,,,,FALSE,TRUE,,一,2188,shangwu,morning,
少,shǎo,,1,,"a,ad,v,d,g",,,,FALSE,TRUE,,小,538,shao,few; less; to lack,multi_reading; single_char_multi_tone
什么,shén me,,1,,r,,,,FALSE,TRUE,什麼,亻,55,shenme,what?; something; anything,
十,shí,,1,,"m,t",,,,FALSE,TRUE,,十,865,shi,ten; 10,
时候,shí hou,,1,,n,,,,FALSE,TRUE,時候,日,107,shihou,time; length of time; moment,
是,shì,,1,,v,,,,FALSE,TRUE,,日,4,shi,to be (followed by substantives only); correct; right; true; (respectful acknowledgement of a command) very well,multi_reading
书,shū,,1,,"n,g",,,,FALSE,TRUE,書,丨,560,shu,book; letter; document,multi_reading
谁,shéi,,1,,r,,,Giáo trình HSK đại lục dạy 'shéi'; 'shuí' là âm đọc trang trọng/văn viết.,TRUE,TRUE,誰,讠,142,shei,who; also pr. [shuí],override
水,shuǐ,,1,,n,,,,FALSE,TRUE,,水,335,shui,water; river; liquid,multi_reading
水果,shuǐ guǒ,,1,,n,,,,FALSE,TRUE,,水,3271,shuiguo,fruit,
睡觉,shuì jiào,,1,,v,,,,FALSE,TRUE,睡覺,目,944,shuijiao,to go to bed; to sleep,
说话,shuō huà,,1,,"v,vn",,,,FALSE,TRUE,說話,讠,880,shuohua,to speak; to say; to talk,
四,sì,,1,,"m,t",,,,FALSE,TRUE,,囗,481,si,four; 4,
岁,suì,,1,,qt,,,,FALSE,TRUE,嵗,山,266,sui,"variant of 岁, year; years old",multi_reading
他,tā,,1,,r,,,,FALSE,TRUE,,亻,10,ta,he; him (used for either sex when the sex is unknown or unimportant); (used before sb's name for emphasis); (used as a meaningless mock object),
她,tā,,1,,r,,,,FALSE,TRUE,,女,38,ta,she,
太,tài,,1,,"d,b",,,,FALSE,TRUE,,大,87,tai,highest; greatest; too (much),
天气,tiān qì,,1,,n,,,,FALSE,TRUE,天氣,大,1675,tianqi,weather,
听,tīng,,1,,v,,,,FALSE,TRUE,聽,口,190,ting,"to listen to; to hear; to heed; to obey; a can (loanword from English ""tin"")",multi_reading; single_char_multi_sound
同学,tóng xué,,1,,n,,,,FALSE,TRUE,同學,口,1828,tongxue,to study at the same school; fellow student; classmate,
喂,wéi,,1,,"v,e",,,"HSK1 喂 = 'a-lô' khi gọi điện → wéi. 'wèi' là 'cho ăn, nuôi'.",TRUE,TRUE,,口,1301,wei,hello (when answering the phone),override; multi_reading
我,wǒ,,1,,r,,,,FALSE,TRUE,,戈,3,wo,I; me; my,
我们,wǒ men,,1,,r,,,,FALSE,TRUE,我們,戈,19,women,we; us; ourselves,
五,wǔ,,1,,"m,t",,,,FALSE,TRUE,,二,563,wu,five; 5,
喜欢,xǐ huan,,1,,"v,vn",,,,FALSE,TRUE,喜歡,口,139,xihuan,to like; to be fond of,
下,xià,,1,,"v,f,qt,g",,,,FALSE,TRUE,,一,70,xia,down; downwards; below,
下午,xià wǔ,,1,,t,,,,FALSE,TRUE,,一,782,xiawu,afternoon; p.m.,
下雨,xià yǔ,,1,,v,,,,FALSE,TRUE,,一,5648,xiayu,to rain,
先生,xiān sheng,,1,,n,,,,FALSE,TRUE,,儿,586,xiansheng,teacher; gentleman; sir; mister (Mr.); husband,
现在,xiàn zài,,1,,t,,,,FALSE,TRUE,現在,王,77,xianzai,now; at present; at the moment,
想,xiǎng,,1,,v,,,,FALSE,TRUE,,心,44,xiang,to think (about); to think of; to devise; to think (that); to believe (that),
小,xiǎo,,1,,"a,ad",,,,FALSE,TRUE,,小,100,xiao,small; tiny; few,
小姐,xiǎo jie,,1,,n,,,,FALSE,TRUE,,小,1575,xiaojie,young lady; miss; (slang) prostitute,
些,xiē,,1,,q,,,,FALSE,TRUE,,二,611,xie,"classifier indicating a small amount or small number greater than 1: some, a few, several",
写,xiě,,1,,v,,,,FALSE,TRUE,寫,冖,352,xie,to write,
谢谢,xiè xie,,1,,v,,,,FALSE,TRUE,謝謝,讠,520,xiexie,to thank; thanks; thank you,
星期,xīng qī,,1,,n,,,,FALSE,TRUE,,日,1956,xingqi,week; day of the week; Sunday,
学生,xué sheng,,1,,n,,,,FALSE,TRUE,學生,子,651,xuesheng,student; schoolchild,
学习,xué xí,,1,,"v,vn",,,,FALSE,TRUE,學習,子,789,xuexi,to learn; to study,
学校,xué xiào,,1,,n,,,,FALSE,TRUE,學校,子,430,xuexiao,school,
一,yī,,1,,"m,d,t",,,,FALSE,TRUE,,一,21,yi,one; single; a (article),
衣服,yī fu,,1,,n,,,,FALSE,TRUE,,衣,1472,yifu,clothes,
医生,yī shēng,,1,,n,,,,FALSE,TRUE,醫生,匸,827,yisheng,doctor,
医院,yī yuàn,,1,,n,,,,FALSE,TRUE,醫院,匸,608,yiyuan,hospital,
椅子,yǐ zi,,1,,n,,,,FALSE,TRUE,,木,4472,yizi,chair,
有,yǒu,,1,,v,,,,FALSE,TRUE,,月,9,you,to have; there is; (bound form) having; with; -ful; -ed; -al (as in 意 intentional),
月,yuè,,1,,"n,t",,,,FALSE,TRUE,,月,161,yue,moon; month; monthly,
再见,zài jiàn,,1,,v,,,,FALSE,TRUE,再見,冂,2487,zaijian,goodbye; see you again later,
在,zài,,1,,"p,v,d",,,,FALSE,TRUE,,土,5,zai,to exist; to be alive; (of sb or sth) to be (located) at; (used before a verb to indicate an action in progress),
怎么,zěn me,,1,,r,,,,FALSE,TRUE,怎麼,心,128,zenme,how?; what?; why?,multi_reading
怎么样,zěn me yàng,,1,,r,,,,FALSE,TRUE,怎麼樣,心,1367,zenmeyang,how?; how about?; how was it?,
这,zhè,,1,,r,,,,FALSE,TRUE,這,辶,11,zhe,"(pronoun) this; these; (bound form) this; the (followed by a noun); (bound form) this; these (followed by a classifier) (in this sense, commonly pr. [zhèi], esp. in Beijing)",
中国,zhōng guó,,1,,ns,,,,FALSE,TRUE,中國,丨,729,zhongguo,China,
中午,zhōng wǔ,,1,,t,,,,FALSE,TRUE,,丨,2600,zhongwu,noon; midday,
住,zhù,,1,,v,,,,FALSE,TRUE,,亻,280,zhu,to live; to dwell; to stay,
桌子,zhuō zi,,1,,n,,,,FALSE,TRUE,,木,3639,zhuozi,table; desk,
字,zì,,1,,n,,,,FALSE,TRUE,,子,913,zi,letter; symbol; character,
昨天,zuó tiān,,1,,t,,,,FALSE,TRUE,,日,557,zuotian,yesterday,
坐,zuò,,1,,v,,,,FALSE,TRUE,,土,435,zuo,"to sit; to take a seat; to take (a bus, airplane etc)",multi_reading
做,zuò,,1,,v,,,,FALSE,TRUE,,亻,53,zuo,to make; to produce; to write; to compose; to do; to engage in; to hold (a party etc),
吧,ba,,2,,y,,,,FALSE,TRUE,,口,58,ba,(modal particle indicating suggestion or surmise); ...right?; ...OK?,multi_reading; single_char_multi_tone
白,bái,,2,,"a,nr,d,b,v,g",,,,FALSE,TRUE,,白,930,bai,white; snowy; pure,multi_reading
百,bǎi,,2,,"m,t",,,,FALSE,TRUE,,白,2455,bai,hundred; numerous; all kinds of,multi_reading
帮助,bāng zhù,,2,,"v,vn",,,,FALSE,TRUE,幫助,巾,499,bangzhu,assistance; aid; to help; to assist,
报纸,bào zhǐ,,2,,n,,,,FALSE,TRUE,報紙,扌,2232,baozhi,newspaper; newsprint,
比,bǐ,,2,,"p,v,n,b",,,,FALSE,TRUE,,比,155,bi,to compare; (followed by a noun and adjective) more {adj.} than {noun}; ratio,multi_reading; single_char_multi_tone
便宜,pián yi,,2,,"a,v,an",,,,FALSE,TRUE,,亻,2814,pianyi,cheap; inexpensive; small advantages,multi_reading
别,bié,,2,,"d,v,r,vn",,,,FALSE,TRUE,別,刂,214,bie,to leave; to part (from); (literary) to differentiate; to distinguish; (bound form) other; another; different,multi_reading; single_char_multi_tone
唱歌,chàng gē,,2,,"v,vn",,,,FALSE,TRUE,,口,2876,changge,to sing a song,
出,chū,,2,,"v,q",,,,FALSE,TRUE,,凵,85,chu,to go out; to come out; to occur,multi_reading
穿,chuān,,2,,v,,,,FALSE,TRUE,,穴,430,chuan,to wear; to put on; to dress,
船,chuán,,2,,n,,,,FALSE,TRUE,,舟,1346,chuan,boat; vessel; ship,multi_reading
次,cì,,2,,"qv,a,g",,,,FALSE,TRUE,,欠,99,ci,"next in sequence; second; the second (day, time etc)",
从,cóng,,2,,"p,g",,,,FALSE,TRUE,從,人,70,cong,from; through; via,multi_reading
错,cuò,,2,,"v,n",,,,FALSE,TRUE,錯,钅,531,cuo,mistake; wrong; bad,multi_reading
打篮球,dǎ lán qiú,,2,,,,,,FALSE,TRUE,打籃球,扌,1000000,dalanqiu,to play basketball,
大家,dà jiā,,2,,"r,n",,,,FALSE,TRUE,,大,189,dajia,everyone; influential family; great expert,
但是,dàn shì,,2,,c,,,,FALSE,TRUE,,亻,115,danshi,but; however,
到,dào,,2,,"v,p",,,,FALSE,TRUE,,刂,29,dao,to reach; to arrive; to leave for; to go to; to (a place); until (a time); up to (a point),
得,dé,,2,,"u,v",,,,FALSE,TRUE,,彳,58,de,to obtain; to get; to gain,multi_reading; single_char_multi_sound
弟弟,dì di,,2,,n,,,,FALSE,TRUE,,弓,2424,didi,younger brother,
第一,dì yī,,2,,m,,,,FALSE,TRUE,,⺮,223,diyi,first; number one; primary,
懂,dǒng,,2,,v,,,,FALSE,TRUE,,忄,669,dong,to understand; to comprehend,
房间,fáng jiān,,2,,n,,,,FALSE,TRUE,房間,户,1357,fangjian,room,
非常,fēi cháng,,2,,"d,b",,,,FALSE,TRUE,,非,194,feichang,very; really; unusual; extraordinary,
服务员,fú wù yuán,,2,,n,,,,FALSE,TRUE,服務員,月,5531,fuwuyuan,waiter; waitress; attendant,
高,gāo,,2,,"a,ad,v,g",,,,FALSE,TRUE,,高,290,gao,high; tall; above average,multi_reading
告诉,gào su,,2,,v,,,,FALSE,TRUE,告訴,口,252,gaosu,to tell; to inform; to let know,ambiguous_tone; multi_reading
哥哥,gē ge,,2,,n,,,,FALSE,TRUE,,口,1655,gege,older brother,
给,gěi,,2,,"p,v,u",,,,FALSE,TRUE,給,纟,46,gei,to; for; for the benefit of,multi_reading; single_char_multi_sound
公共汽车,gōng gòng qì chē,,2,,,,,,FALSE,TRUE,公共汽車,八,13591,gonggongqiche,bus,
公斤,gōng jīn,,2,,q,,,,FALSE,TRUE,,八,4784,gongjin,kilogram (kg),
公司,gōng sī,,2,,n,,,,FALSE,TRUE,,八,220,gongsi,company; firm; corporation,
贵,guì,,2,,"a,r,b,g",,,,FALSE,TRUE,貴,贝,2239,gui,expensive; noble; precious,
还,hái,,2,,"d,v",,,,FALSE,TRUE,還,辶,37,hai,still; still in progress; still more,multi_reading; single_char_multi_sound
孩子,hái zi,,2,,n,,,,FALSE,TRUE,,子,207,haizi,child,
好吃,hǎo chī,,2,,a,,,,FALSE,TRUE,,女,2484,haochi,tasty; delicious,ambiguous_tone; multi_reading
号,hào,,2,,"q,n,v",,,,FALSE,TRUE,號,口,278,hao,ordinal number; day of a month; mark,multi_reading; single_char_multi_tone
黑,hēi,,2,,"a,g,b",,,,FALSE,TRUE,,黑,724,hei,black; dark; sinister,multi_reading
红,hóng,,2,,"a,v,g",,,,FALSE,TRUE,紅,纟,794,hong,red; popular; revolutionary,multi_reading
欢迎,huān yíng,,2,,"v,vn",,,,FALSE,TRUE,歡迎,欠,796,huanying,to welcome; welcome,
回答,huí dá,,2,,"v,vn",,,,FALSE,TRUE,,囗,1100,huida,to reply; to answer; reply; answer,
机场,jī chǎng,,2,,n,,,,FALSE,TRUE,機場,木,2308,jichang,airport; airfield; (slang) service provider for Shadowsocks or similar software for circumventing Internet censorship,
鸡蛋,jī dàn,,2,,n,,,,FALSE,TRUE,雞蛋,鸟,3501,jidan,(chicken) egg; hen's egg,
件,jiàn,,2,,"q,g",,,,FALSE,TRUE,,亻,292,jian,"item; component; classifier for events, things, clothes etc",
教室,jiào shì,,2,,n,,,,FALSE,TRUE,,攵,5082,jiaoshi,classroom,
介绍,jiè shào,,2,,"v,vn",,,,FALSE,TRUE,介紹,人,779,jieshao,to introduce (sb to sb); to give a presentation; to present (sb for a job etc),
姐姐,jiě jie,,2,,n,,,,FALSE,TRUE,,女,1513,jiejie,older sister,
近,jìn,,2,,"a,v",,,,FALSE,TRUE,,辶,822,jin,near; close to; approximately,
进,jìn,,2,,v,,,,FALSE,TRUE,進,辶,338,jin,to go forward; to advance; to go in,
就,jiù,,2,,"d,p,c,v",,,,FALSE,TRUE,,尢,15,jiu,(after a suppositional clause) in that case; then; (after a clause of action) as soon as; immediately after; (same as 是) merely; nothing else but; simply; just; precisely; exactly,
觉得,jué de,,2,,v,,,,FALSE,TRUE,覺得,见,161,juede,to think that ...; to feel that ...; to feel (uncomfortable etc),
咖啡,kā fēi,,2,,n,,,,FALSE,TRUE,,口,1698,kafei,coffee (loanword),
开始,kāi shǐ,,2,,"v,vn",,,,FALSE,TRUE,開始,廾,132,kaishi,to begin; beginning; to start,
考试,kǎo shì,,2,,"vn,v",,,,FALSE,TRUE,考試,耂,1718,kaoshi,to take an exam; exam,
可能,kě néng,,2,,"v,n",,,,FALSE,TRUE,,口,127,keneng,might (happen); possible; probable,
可以,kě yǐ,,2,,v,,,,FALSE,TRUE,,口,58,keyi,can; may; possible,
课,kè,,2,,n,,,,FALSE,TRUE,課,讠,1517,ke,subject; course; class,
快,kuài,,2,,"a,d,g",,,,FALSE,TRUE,,忄,153,kuai,rapid; quick; speed,
快乐,kuài lè,,2,,"a,an",,,,FALSE,TRUE,快樂,忄,637,kuaile,happy; joyful,
累,lèi,,2,,"a,v,an",,,,FALSE,TRUE,,糸,1197,lei,tired; weary; to strain,multi_reading; single_char_multi_tone
离,lí,,2,,"v,p",,,,FALSE,TRUE,離,禸,912,li,to leave; to part from; to be away from,multi_reading; single_char_multi_sound
两,liǎng,,2,,"m,t",,,,FALSE,TRUE,兩,一,81,liang,two; both; some,
路,lù,,2,,"n,qv",,,,FALSE,TRUE,,足,409,lu,road; journey; route,multi_reading
旅游,lǚ yóu,,2,,"vn,v",,,,FALSE,TRUE,旅遊,方,2534,luyou,trip; journey; tourism,
卖,mài,,2,,v,,,,FALSE,TRUE,賣,十,590,mai,to sell; to betray; to spare no effort,
慢,màn,,2,,"a,ad",,,,FALSE,TRUE,,忄,1770,man,slow,
忙,máng,,2,,"v,a,ad,g,an",,,,FALSE,TRUE,,忄,859,mang,busy; hurriedly; to hurry,
每,měi,,2,,r,,,,FALSE,TRUE,,母,340,mei,each; every,
妹妹,mèi mei,,2,,n,,,,FALSE,TRUE,,女,2093,meimei,younger sister; young woman,
门,mén,,2,,"n,q",,,,FALSE,TRUE,門,门,422,men,gate; door; gateway,multi_reading
男人,nán rén,,2,,n,,,,FALSE,TRUE,,田,415,nanren,a man; a male; men,absent_sourceB
您,nín,,2,,r,,,,FALSE,TRUE,,心,357,nin,"you (courteous, as opposed to informal 你)",
牛奶,niú nǎi,,2,,n,,,,FALSE,TRUE,,牛,2986,niunai,cow's milk,
女人,nǚ rén,,2,,n,,,'nǚrén' = người phụ nữ (nghĩa HSK2). Nhánh thanh nhẹ 'nǚ ren' là nghĩa 'vợ' trong khẩu ngữ.,TRUE,TRUE,,女,383,nuren,woman,override; absent_sourceB; multi_reading
旁边,páng biān,,2,,f,,,,FALSE,TRUE,旁邊,方,1815,pangbian,side; adjacent place,
跑步,pǎo bù,,2,,v,,,,FALSE,TRUE,,足,7199,paobu,to run; to jog; (military) to march at the double,
票,piào,,2,,"n,q",,,,FALSE,TRUE,,示,956,piao,ticket; ballot; banknote,
妻子,qī zi,,2,,n,,,,FALSE,TRUE,,女,1187,qizi,wife,ambiguous_tone; multi_reading
起床,qǐ chuáng,,2,,v,,,,FALSE,TRUE,,走,2645,qichuang,to get out of bed; to get up,
千,qiān,,2,,"m,t",,,,FALSE,TRUE,,十,1728,qian,thousand,multi_reading
晴,qíng,,2,,v,,,,FALSE,TRUE,,日,9343,qing,clear; fine (weather),
去年,qù nián,,2,,t,,,,FALSE,TRUE,,厶,933,qunian,last year,
让,ràng,,2,,v,,,,FALSE,TRUE,讓,讠,54,rang,to yield; to permit; to let sb do sth,
上班,shàng bān,,2,,"v,vn",,,,FALSE,TRUE,,一,1495,shangban,to go to work; to be on duty; to start work,
身体,shēn tǐ,,2,,n,,,,FALSE,TRUE,身體,身,731,shenti,the body; one's health; in person,
生病,shēng bìng,,2,,v,,,,FALSE,TRUE,,生,4336,shengbing,to fall ill,
生日,shēng rì,,2,,n,,,,FALSE,TRUE,,生,1506,shengri,birthday,
时间,shí jiān,,2,,n,,,,FALSE,TRUE,時間,日,127,shijian,time; period,
事情,shì qing,,2,,n,,,,FALSE,TRUE,,亅,271,shiqing,affair; matter; thing; business,
手表,shǒu biǎo,,2,,n,,,,FALSE,TRUE,手錶,手,6179,shoubiao,wristwatch,
手机,shǒu jī,,2,,n,,,,FALSE,TRUE,手機,手,857,shouji,cell phone; mobile phone,
送,sòng,,2,,v,,,,FALSE,TRUE,,辶,370,song,to send; to deliver; to transmit; to give (as a present); to see (sb) off,
所以,suǒ yǐ,,2,,c,,,,FALSE,TRUE,,户,157,suoyi,therefore; as a result; so,
它,tā,,2,,r,,,,FALSE,TRUE,,宀,114,ta,it,
踢,tī,,2,,v,,,,FALSE,TRUE,,足,2330,ti,to kick; to play (e.g. soccer); (slang) butch (in a lesbian relationship),absent_sourceB
题,tí,,2,,"n,v",,,,FALSE,TRUE,題,页,2690,ti,topic; problem for discussion; exam question,multi_reading
跳舞,tiào wǔ,,2,,"v,vn",,,,FALSE,TRUE,,足,3920,tiaowu,to dance,
外,wài,,2,,f,,,,FALSE,TRUE,,夕,489,wai,outside; in addition; foreign,
完,wán,,2,,v,,,,FALSE,TRUE,,宀,395,wan,to finish; to be over; whole,
玩,wán,,2,,v,,,,FALSE,TRUE,,王,415,wan,to play; to have fun; to trifle with,multi_reading
晚上,wǎn shang,,2,,t,,,,FALSE,TRUE,,日,502,wanshang,evening; night; in the evening,
为,wèi,,2,,"p,v",,,,FALSE,TRUE,為,丶,58,wei,because of; for; to,multi_reading; single_char_multi_tone
问,wèn,,2,,"v,g,vn",,,,FALSE,TRUE,問,门,246,wen,to ask; to inquire,
问题,wèn tí,,2,,n,,,,FALSE,TRUE,問題,门,109,wenti,question; problem; issue,
希望,xī wàng,,2,,"v,n,vn",,,,FALSE,TRUE,,巾,182,xiwang,to hope; a hope; a wish,
洗,xǐ,,2,,v,,,,FALSE,TRUE,,氵,1298,xi,to wash; to bathe; to develop (photographs); to shuffle (cards etc),
西瓜,xī guā,,2,,n,,,,FALSE,TRUE,,西,9098,xigua,watermelon,
向,xiàng,,2,,"p,v,g",,,,FALSE,TRUE,,口,165,xiang,towards; to face; to turn towards,multi_reading
小时,xiǎo shí,,2,,"n,q",,,,FALSE,TRUE,小時,小,389,xiaoshi,hour,
笑,xiào,,2,,"v,vn",,,,FALSE,TRUE,,⺮,382,xiao,to laugh; to smile; to laugh at,multi_reading
新,xīn,,2,,"a,d,b",,,,FALSE,TRUE,,斤,150,xin,new; newly; meso- (chemistry),multi_reading
姓,xìng,,2,,"v,n",,,,FALSE,TRUE,,女,3576,xing,family name; surname; to be surnamed,
休息,xiū xi,,2,,"v,vn",,,,FALSE,TRUE,,亻,1225,xiuxi,rest; to rest,
雪,xuě,,2,,n,,,,FALSE,TRUE,,雨,1971,xue,snow; (literary) to wipe away (a humiliation etc),multi_reading
颜色,yán sè,,2,,n,,,,FALSE,TRUE,顏色,页,1880,yanse,color; countenance; appearance,
眼睛,yǎn jing,,2,,n,,,,FALSE,TRUE,,目,814,yanjing,eye,
羊肉,yáng ròu,,2,,n,,,,FALSE,TRUE,,羊,11336,yangrou,mutton; goat meat,
药,yào,,2,,n,,,,FALSE,TRUE,葯,艹,701,yao,leaf of the iris; variant of 药,multi_reading
要,yào,,2,,v,,,,FALSE,TRUE,,覀,19,yao,to want; to need; to ask for; will; shall; about to; need to; should,multi_reading; single_char_multi_tone
也,yě,,2,,"d,y,u,b",,,,FALSE,TRUE,,乚,23,ye,(adverb) also; both ... and ... (before predicates only); (literary) particle having functions similar to 啊,multi_reading
一起,yī qǐ,,2,,"s,d,nr",,,,FALSE,TRUE,,一,172,yiqi,in the same place; together; with,
已经,yǐ jīng,,2,,d,,,,FALSE,TRUE,已經,己,85,yijing,already,
意思,yì si,,2,,"n,v",,,,FALSE,TRUE,,心,988,yisi,idea; opinion; meaning,
因为,yīn wèi,,2,,"p,c",,,,FALSE,TRUE,因為,囗,91,yinwei,because; owing to; on account of,
阴,yīn,,2,,"a,g,ad,b",,,,FALSE,TRUE,陰,阝,4058,yin,overcast (weather); cloudy; shady,multi_reading
游泳,yóu yǒng,,2,,"v,vn",,,,FALSE,TRUE,,氵,3695,youyong,swimming; to swim,
右边,yòu bian,,2,,f,,,,FALSE,TRUE,右邊,口,2906,youbian,"right side; right, to the right",
鱼,yú,,2,,n,,,,FALSE,TRUE,魚,鱼,1189,yu,fish,multi_reading
元,yuán,,2,,"q,tg",,,,FALSE,TRUE,,儿,744,yuan,currency unit (esp. Chinese yuan); first; original,multi_reading
远,yuǎn,,2,,"a,ad",,,,FALSE,TRUE,遠,辶,635,yuan,far; distant; remote,multi_reading; single_char_multi_tone
运动,yùn dòng,,2,,"vn,n,v",,,,FALSE,TRUE,運動,辶,1138,yundong,to move; to exercise; sports,
再,zài,,2,,"d,g",,,,FALSE,TRUE,,冂,91,zai,"again; once more; re-; second; another; then (after sth, and not until then)",
早上,zǎo shang,,2,,t,,,,FALSE,TRUE,,日,1092,zaoshang,early morning,
张,zhāng,,2,,"q,nr,v,g",,,,FALSE,TRUE,張,弓,316,zhang,to open up; to spread; sheet of paper,multi_reading
长,cháng,,2,,"a,v,ad,g",,,,FALSE,TRUE,長,长,246,chang,length; long; forever,multi_reading; single_char_multi_sound
丈夫,zhàng fu,,2,,n,,,,FALSE,TRUE,,一,1376,zhangfu,husband,
找,zhǎo,,2,,v,,,,FALSE,TRUE,,扌,152,zhao,to try to find; to look for; to call on sb,
着,zhe,,2,,"u,v,n,q",,,,FALSE,TRUE,著,目,38,zhe,aspect particle indicating action in progress or ongoing state,conflict_sourceB; multi_reading; single_char_multi_sound
真,zhēn,,2,,"d,a,g",,,,FALSE,TRUE,,目,76,zhen,really; truly; indeed,
正在,zhèng zài,,2,,d,,,,FALSE,TRUE,,止,420,zhengzai,just at (that time); right in (that place); right in the middle of (doing sth),
知道,zhī dào,,2,,v,,,,FALSE,TRUE,,矢,105,zhidao,to know; to become aware of; also pr. [zhī dao],
准备,zhǔn bèi,,2,,"v,vn",,,,FALSE,TRUE,準備,冫,333,zhunbei,preparation; to prepare; to intend,
自行车,zì xíng chē,,2,,n,,,,FALSE,TRUE,自行車,自,3400,zixingche,bicycle; bike,
走,zǒu,,2,,v,,,,FALSE,TRUE,,走,109,zou,to walk; to go; to run,
最,zuì,,2,,"d,g",,,,FALSE,TRUE,,曰,89,zui,most; the most; -est (superlative suffix),multi_reading
左边,zuǒ bian,,2,,f,,,,FALSE,TRUE,左邊,工,4584,zuobian,left; the left side; to the left of,
阿姨,ā yí,,3,,n,,,,FALSE,TRUE,,阝,4355,ayi,maternal aunt; step-mother; childcare worker,
啊,a,,3,,"y,e",,,,FALSE,TRUE,,口,47,a,"modal particle ending sentence, showing affirmation, approval, or consent",multi_reading; single_char_multi_tone
矮,ǎi,,3,,"a,v",,,,FALSE,TRUE,,矢,3952,ai,low; short (in length),
爱好,ài hào,,3,,"n,v",,,,FALSE,TRUE,愛好,爫,4902,aihao,to like; to be fond of; to take pleasure in; to be keen on; interest; hobby,
安静,ān jìng,,3,,a,,,,FALSE,TRUE,安靜,宀,2501,anjing,quiet; peaceful; calm,
把,bǎ,,3,,"p,qv,v,m",,,,FALSE,TRUE,,扌,50,ba,to hold; to grasp; to hold a baby in position to help it urinate or defecate; handlebar,multi_reading; single_char_multi_tone
班,bān,,3,,"n,q,nr",,,,FALSE,TRUE,,王,1238,ban,team; class; grade; (military) squad; work shift,multi_reading
搬,bān,,3,,v,,,,FALSE,TRUE,,扌,2254,ban,to move (i.e. relocate oneself); to move (sth relatively heavy or bulky); to shift,
办法,bàn fǎ,,3,,n,,,,FALSE,TRUE,辦法,力,538,banfa,means; method; way (of doing sth),
办公室,bàn gōng shì,,3,,n,,,,FALSE,TRUE,辦公室,力,1162,bangongshi,office; business premises; bureau,
半,bàn,,3,,m,,,,FALSE,TRUE,,十,727,ban,half; semi-; incomplete,
帮忙,bāng máng,,3,,"v,vn",,,,FALSE,TRUE,幫忙,巾,1860,bangmang,to help; to lend a hand; to do a favor,
包,bāo,,3,,"v,n,q",,,,FALSE,TRUE,,勹,755,bao,to cover; to wrap; to hold,multi_reading
饱,bǎo,,3,,"a,ad,v",,,,FALSE,TRUE,飽,饣,4742,bao,to eat till full; satisfied,
北方,běi fāng,,3,,"s,f",,,,FALSE,TRUE,,匕,4879,beifang,north; the northern part a country; China north of the Yellow River,
被,bèi,,3,,"p,g,d",,,,FALSE,TRUE,,衤,54,bei,quilt; to cover (with); (literary) to suffer (a misfortune),
鼻子,bí zi,,3,,n,,,,FALSE,TRUE,,鼻,3484,bizi,nose,
比较,bǐ jiào,,3,,"d,vn,v",,,,FALSE,TRUE,比較,比,607,bijiao,to compare; to contrast; comparatively,
比赛,bǐ sài,,3,,"vn,v",,,,FALSE,TRUE,比賽,比,275,bisai,competition (sports etc); match; to compete,
必须,bì xū,,3,,d,,,,FALSE,TRUE,必須,心,241,bixu,to have to; must; compulsory,
变化,biàn huà,,3,,"vn,v",,,,FALSE,TRUE,變化,又,1262,bianhua,(intransitive) to change; to vary; change; variation,
表示,biǎo shì,,3,,"v,vn",,,,FALSE,TRUE,,衣,854,biaoshi,to express; to show; to say,
表演,biǎo yǎn,,3,,"vn,v",,,,FALSE,TRUE,,衣,1127,biaoyan,play; show; performance,
别人,bié ren,,3,,r,,,,FALSE,TRUE,別人,刂,397,bieren,other people; others; other person,
宾馆,bīn guǎn,,3,,n,,,,FALSE,TRUE,賓館,宀,4994,binguan,guesthouse; lodge; hotel,
冰箱,bīng xiāng,,3,,n,,,,FALSE,TRUE,,冫,4168,bingxiang,icebox; freezer cabinet; refrigerator,
才,cái,,3,,"d,c,n",,,,FALSE,TRUE,,扌,133,cai,ability; talent; sb of a certain type; a capable individual,multi_reading
菜单,cài dān,,3,,n,,,,FALSE,TRUE,菜單,艹,7509,caidan,menu,
参加,cān jiā,,3,,v,,,,FALSE,TRUE,參加,厶,355,canjia,to participate; to take part; to join,
草,cǎo,,3,,n,,,,FALSE,TRUE,,艹,2467,cao,grass; straw; manuscript,multi_reading
层,céng,,3,,"qv,n",,,,FALSE,TRUE,層,尸,1202,ceng,to pile on top of one another; layer; stratum; floor (of a building); story,
差,chà,,3,,"a,v,g",,,,FALSE,TRUE,,工,968,cha,different; wrong; mistaken; to fall short; to lack,multi_reading; single_char_multi_sound
超市,chāo shì,,3,,n,,,,FALSE,TRUE,,走,4427,chaoshi,supermarket (abbr. for 超级市场),
衬衫,chèn shān,,3,,n,,,,FALSE,TRUE,襯衫,衤,4988,chenshan,shirt; blouse,
成绩,chéng jì,,3,,n,,,,FALSE,TRUE,成績,戈,1888,chengji,achievement; performance records; grades,
城市,chéng shì,,3,,n,,,,FALSE,TRUE,,土,593,chengshi,city; town,
迟到,chí dào,,3,,"v,vn",,,,FALSE,TRUE,遲到,辶,3667,chidao,to arrive late,
出现,chū xiàn,,3,,"v,vn",,,,FALSE,TRUE,出現,凵,323,chuxian,to appear; to arise; to emerge,
除了,chú le,,3,,p,,,,FALSE,TRUE,,阝,638,chule,besides; apart from (... also...); in addition to,
厨房,chú fáng,,3,,n,,,,FALSE,TRUE,廚房,厂,3076,chufang,kitchen,
春,chūn,,3,,tg,,,,FALSE,TRUE,,日,4065,chun,spring (season); gay; joyful,multi_reading
词语,cí yǔ,,3,,n,,,,FALSE,TRUE,詞語,讠,10379,ciyu,word (general term including monosyllables through to short phrases); term (e.g. technical term); expression,
聪明,cōng ming,,3,,"a,an",,,,FALSE,TRUE,聰明,耳,1918,congming,intelligent; clever; bright,
打扫,dǎ sǎo,,3,,v,,,,FALSE,TRUE,打掃,扌,6258,dasao,to clean; to sweep,
打算,dǎ suàn,,3,,"v,n,vn",,,,FALSE,TRUE,,扌,1374,dasuan,to plan; to intend; to calculate,
带,dài,,3,,v,,,,FALSE,TRUE,帶,巾,177,dai,band; belt; girdle,
担心,dān xīn,,3,,"v,vn",,,,FALSE,TRUE,擔心,扌,277,danxin,anxious; worried; uneasy,
蛋糕,dàn gāo,,3,,n,,,,FALSE,TRUE,,虫,2650,dangao,cake,
当然,dāng rán,,3,,"d,b",,,,FALSE,TRUE,當然,⺌,423,dangran,only natural; as it should be; certainly,
地,dì,,3,,"u,n",,,,FALSE,TRUE,,土,132,di,earth; ground; field,multi_reading; single_char_multi_sound
地方,dì fang,,3,,n,,,,FALSE,TRUE,,土,254,difang,area; place; space,ambiguous_tone; multi_reading
地铁,dì tiě,,3,,n,,,,FALSE,TRUE,地鐵,土,3046,ditie,underground railway; subway; subway train,
地图,dì tú,,3,,n,,,,FALSE,TRUE,地圖,土,3548,ditu,map,
灯,dēng,,3,,n,,,,FALSE,TRUE,燈,火,2001,deng,lamp; light; lantern,
低,dī,,3,,"a,ad,v",,,,FALSE,TRUE,,亻,951,di,low; beneath; to lower (one's head),
电梯,diàn tī,,3,,n,,,,FALSE,TRUE,電梯,曰,3894,dianti,elevator; escalator,
电子,diàn zǐ,,3,,n,,,,FALSE,TRUE,電子,曰,1874,dianzi,electronic; electron (particle physics),absent_sourceB
东,dōng,,3,,"f,b",,,,FALSE,TRUE,東,一,1509,dong,east; host (i.e. sitting on east side of guest); landlord,multi_reading
冬,dōng,,3,,tg,,,,FALSE,TRUE,,⺀,5272,dong,winter,multi_reading
动物,dòng wù,,3,,n,,,,FALSE,TRUE,動物,力,1438,dongwu,animal,
短,duǎn,,3,,a,,,,FALSE,TRUE,,矢,983,duan,short; brief; to lack,
段,duàn,,3,,"q,g",,,,FALSE,TRUE,,殳,647,duan,paragraph; section; segment,multi_reading
锻炼,duàn liàn,,3,,"v,vn",,,,FALSE,TRUE,鍛鍊,钅,3764,duanlian,to toughen; to temper; to engage in physical exercise,
多么,duō me,,3,,"d,a",,,,FALSE,TRUE,多麼,夕,1940,duome,how (wonderful etc); what (a great idea etc); however (difficult it may be etc),
饿,è,,3,,"v,a",,,,FALSE,TRUE,餓,饣,1477,e,to be hungry; hungry; to starve (sb),
而且,ér qiě,,3,,c,,,,FALSE,TRUE,,而,239,erqie,(not only ...) but also; moreover; in addition,
耳朵,ěr duo,,3,,n,,,,FALSE,TRUE,,耳,3451,erduo,ear; handle (on a cup),
发烧,fā shāo,,3,,"v,vn,b",,,,FALSE,TRUE,發燒,又,5836,fashao,to have a high temperature (from illness); to have a fever,
发现,fā xiàn,,3,,"v,vn",,,,FALSE,TRUE,發現,又,189,faxian,to notice; to become aware of; to discover; to find; to detect; a discovery,
方便,fāng biàn,,3,,"v,a,an",,,,FALSE,TRUE,,方,2014,fangbian,convenient; suitable; to facilitate,
放,fàng,,3,,v,,,,FALSE,TRUE,,攵,280,fang,to put; to place; to release,
放心,fàng xīn,,3,,"v,vn",,,,FALSE,TRUE,,攵,2458,fangxin,to feel relieved; to feel reassured; to be at ease,
分,fēn,,3,,"t,qt,v,g,n,d",,,,FALSE,TRUE,,刀,372,fen,to divide; to separate; to distribute; to allocate; to distinguish (good and bad),multi_reading; single_char_multi_tone
附近,fù jìn,,3,,f,,,,FALSE,TRUE,,阝,1020,fujin,nearby; neighboring; (in the) vicinity (of); neighborhood,
复习,fù xí,,3,,"v,vn",,,,FALSE,TRUE,復習,夊,6867,fuxi,to review; revision,multi_reading
敢,gǎn,,3,,"v,g",,,,FALSE,TRUE,,攵,902,gan,to dare; daring; (polite) may I venture,
感冒,gǎn mào,,3,,"v,vn",,,,FALSE,TRUE,,心,3621,ganmao,to catch cold; (common) cold; (coll.) to be interested in (often used in the negative),
干净,gān jìng,,3,,"a,ad",,,,FALSE,TRUE,乾淨,十,2430,ganjing,clean; neat,
刚才,gāng cái,,3,,t,,,,FALSE,TRUE,剛才,刂,1149,gangcai,just now; a moment ago,multi_reading
根据,gēn jù,,3,,"p,n,v",,,,FALSE,TRUE,根據,木,694,genju,according to; based on; basis,
跟,gēn,,3,,"p,v",,,,FALSE,TRUE,,足,135,gen,heel; to follow closely; to go with,
更,gèng,,3,,d,,,,FALSE,TRUE,,曰,127,geng,more; even more; further,multi_reading; single_char_multi_tone
公园,gōng yuán,,3,,n,,,,FALSE,TRUE,公園,八,2134,gongyuan,park (for public recreation),
故事,gù shi,,3,,n,,,,FALSE,TRUE,,攵,772,gushi,narrative; story; tale,ambiguous_tone; multi_reading
刮,guā,,3,,v,,,,FALSE,TRUE,,刂,3910,gua,to scrape; to blow; to shave,absent_sourceB; multi_reading
关,guān,,3,,"v,n,nr",,,,FALSE,TRUE,關,丷,1129,guan,"mountain pass; to close; to shut; to turn off; to confine; to lock (sb) up; to shut (sb in a room, a bird in a cage etc)",multi_reading
关系,guān xi,,3,,"n,v",,,,FALSE,TRUE,關係,丷,318,guanxi,relation; relationship; to concern,multi_reading
关心,guān xīn,,3,,"v,vn",,,,FALSE,TRUE,關心,丷,1190,guanxin,to be concerned about; to care about,
关于,guān yú,,3,,p,,,,FALSE,TRUE,關於,丷,478,guanyu,pertaining to; concerning; with regard to,
国家,guó jiā,,3,,n,,,,FALSE,TRUE,國家,囗,356,guojia,country; nation; state,
果汁,guǒ zhī,,3,,n,,,,FALSE,TRUE,,木,7765,guozhi,fruit juice,
过去,guò qu,,3,,"v,t",,,,FALSE,TRUE,過去,辶,353,guoqu,(verb suffix),ambiguous_tone; multi_reading
还是,hái shi,,3,,"c,d,v",,,,FALSE,TRUE,還是,辶,160,haishi,still (as before); had better; unexpectedly,
害怕,hài pà,,3,,"v,vn",,,,FALSE,TRUE,,宀,1536,haipa,to be afraid; to be scared,
河,hé,,3,,n,,,,FALSE,TRUE,,氵,2245,he,river,absent_sourceB
黑板,hēi bǎn,,3,,n,,,,FALSE,TRUE,,黑,15524,heiban,blackboard,
护照,hù zhào,,3,,n,,,,FALSE,TRUE,護照,扌,7152,huzhao,passport,
花,huā,,3,,"v,n,a",,,,FALSE,TRUE,,艹,435,hua,flower; blossom; fancy pattern,multi_reading
花园,huā yuán,,3,,n,,,,FALSE,TRUE,花園,艹,3403,huayuan,garden,absent_sourceB
画,huà,,3,,"n,v,q",,,,FALSE,TRUE,畫,田,1119,hua,to draw; to paint; picture; painting; to draw (a line) (variant of 划),
坏,huài,,3,,"a,v",,,,FALSE,TRUE,壞,土,1239,huai,bad; spoiled; broken,
环境,huán jìng,,3,,n,,,,FALSE,TRUE,環境,王,1171,huanjing,environment; circumstances; surroundings,
换,huàn,,3,,v,,,,FALSE,TRUE,換,扌,618,huan,to exchange; to change (clothes etc); to substitute,
黄,huáng,,3,,"nr,a,b",,,,FALSE,TRUE,黃,黄,1809,huang,yellow; pornographic; to fall through,absent_sourceB; multi_reading
会议,huì yì,,3,,n,,,,FALSE,TRUE,會議,人,928,huiyi,meeting; conference,
或者,huò zhě,,3,,"c,d",,,,FALSE,TRUE,,戈,382,huozhe,or; possibly; maybe; perhaps,
机会,jī huì,,3,,n,,,,FALSE,TRUE,機會,木,393,jihui,opportunity; chance; occasion,
极,jí,,3,,"d,g",,,,FALSE,TRUE,極,木,1404,ji,"extremely; pole (geography, physics); utmost",
几乎,jī hū,,3,,d,,,,FALSE,TRUE,幾乎,几,1001,jihu,almost; nearly; practically,
记得,jì de,,3,,v,,,,FALSE,TRUE,記得,讠,699,jide,to remember,
季节,jì jié,,3,,n,,,,FALSE,TRUE,季節,子,4724,jijie,time; season; period,
检查,jiǎn chá,,3,,"v,vn",,,,FALSE,TRUE,檢查,木,659,jiancha,inspection; to examine; to inspect,
简单,jiǎn dān,,3,,"a,ad",,,,FALSE,TRUE,簡單,⺮,726,jiandan,simple; not complicated,
见面,jiàn miàn,,3,,v,,,,FALSE,TRUE,見面,见,1876,jianmian,to meet; to see each other,
健康,jiàn kāng,,3,,"a,an,ad",,,,FALSE,TRUE,,亻,952,jiankang,health; healthy,
讲,jiǎng,,3,,v,,,,FALSE,TRUE,講,讠,555,jiang,to speak; to explain; to negotiate,
角,jiǎo,,3,,"n,q,g",,,,FALSE,TRUE,,角,2370,jiao,angle; corner; horn,multi_reading; single_char_multi_sound
脚,jiǎo,,3,,"n,q",,,,FALSE,TRUE,腳,⺼,1024,jiao,foot; leg (of an animal or an object); base (of an object),multi_reading; single_char_multi_sound
教,jiāo,,3,,"v,g",,,"HSK3 教 = 'dạy' (jiāo). 'jiào' là 'tôn giáo/giáo dục', nguồn A còn bắt vào nhánh họ Giáo.",TRUE,TRUE,,攵,988,jiao,to teach,override; multi_reading
接,jiē,,3,,v,,,,FALSE,TRUE,,扌,425,jie,to receive; to answer (the phone); to meet or welcome sb,
街道,jiē dào,,3,,n,,,,FALSE,TRUE,,行,3604,jiedao,street; subdistrict; residential district,
节目,jié mù,,3,,n,,,,FALSE,TRUE,節目,艹,951,jiemu,program; item (on a program),
节日,jié rì,,3,,n,,,,FALSE,TRUE,節日,艹,3477,jieri,holiday; festival,
结婚,jié hūn,,3,,"v,vn",,,,FALSE,TRUE,結婚,纟,982,jiehun,to marry; to get married,
结束,jié shù,,3,,"v,vn",,,,FALSE,TRUE,結束,纟,498,jieshu,termination; to finish; to end,
解决,jiě jué,,3,,"v,vn",,,,FALSE,TRUE,解決,角,458,jiejue,"to solve; to resolve; to settle (a problem); to eliminate; to wipe out (an enemy, bandits etc)",
借,jiè,,3,,"v,p",,,,FALSE,TRUE,,亻,1495,jie,to lend; to borrow; by means of,multi_reading
经常,jīng cháng,,3,,"d,b",,,,FALSE,TRUE,經常,纟,940,jingchang,frequently; constantly; regularly; often; day-to-day; everyday; daily,
经过,jīng guò,,3,,"p,v,n",,,,FALSE,TRUE,經過,纟,867,jingguo,to pass; to go through; process,
经理,jīng lǐ,,3,,n,,,,FALSE,TRUE,經理,纟,1838,jingli,manager; director,
久,jiǔ,,3,,"a,g,ad",,,,FALSE,TRUE,,丿,1103,jiu,(long) time; (long) duration of time,
旧,jiù,,3,,"a,g",,,,FALSE,TRUE,舊,日,1787,jiu,old; opposite: new 新; former,
举行,jǔ xíng,,3,,v,,,,FALSE,TRUE,舉行,丶,1431,juxing,"to hold (a meeting, ceremony etc)",
句子,jù zi,,3,,n,,,,FALSE,TRUE,,口,10428,juzi,sentence,
决定,jué dìng,,3,,"v,n",,,,FALSE,TRUE,決定,冫,366,jueding,to decide (to do something); to resolve; decision,
可爱,kě ài,,3,,a,,,,FALSE,TRUE,可愛,口,799,keai,adorable; cute; lovely,
渴,kě,,3,,"a,v",,,,FALSE,TRUE,,氵,9442,ke,thirsty,
刻,kè,,3,,"v,qt",,,,FALSE,TRUE,,刂,3756,ke,quarter (hour); moment; to carve,
客人,kè rén,,3,,n,,,,FALSE,TRUE,,宀,2750,keren,visitor; guest; customer,
空调,kōng tiáo,,3,,n,,,,FALSE,TRUE,空調,穴,4763,kongtiao,air conditioning; air conditioner (including units that have a heating mode),
口,kǒu,,3,,"q,n",,,,FALSE,TRUE,,口,637,kou,"mouth; classifier for things with mouths (people, domestic animals, cannons, wells etc); classifier for bites or mouthfuls",
哭,kū,,3,,v,,,,FALSE,TRUE,,口,898,ku,to cry; to weep,
裤子,kù zi,,3,,n,,,,FALSE,TRUE,袴子,衤,3765,kuzi,"variant of 裤子, trousers; pants",multi_reading
筷子,kuài zi,,3,,n,,,,FALSE,TRUE,,⺮,10486,kuaizi,chopsticks,
蓝,lán,,3,,"a,g",,,,FALSE,TRUE,藍,艹,1615,lan,blue; indigo plant,multi_reading
老,lǎo,,3,,"a,d,g",,,,FALSE,TRUE,,老,266,lao,prefix used before the surname of a person or a numeral indicating the order of birth of the children in a family or to indicate affection or familiarity; old (of people); venerable (person),
了解,liǎo jiě,,3,,"v,vn",,,,FALSE,TRUE,,亅,336,liaojie,to understand; to realize; to find out,multi_reading
离开,lí kāi,,3,,v,,,,FALSE,TRUE,離開,禸,557,likai,to depart; to leave,
礼物,lǐ wù,,3,,n,,,,FALSE,TRUE,禮物,礻,1673,liwu,gift; present,
历史,lì shǐ,,3,,n,,,,FALSE,TRUE,歷史,厂,882,lishi,history,
脸,liǎn,,3,,"n,q",,,,FALSE,TRUE,臉,⺼,629,lian,face,
练习,liàn xí,,3,,"v,vn",,,,FALSE,TRUE,練習,纟,3084,lianxi,to practice; exercise; drill,
辆,liàng,,3,,q,,,,FALSE,TRUE,輛,车,699,liang,classifier for vehicles,
邻居,lín jū,,3,,n,,,,FALSE,TRUE,鄰居,阝,3360,linju,neighbor; next door,
楼,lóu,,3,,n,,,,FALSE,TRUE,樓,木,765,lou,house with more than 1 story; storied building; floor,multi_reading
绿,lǜ,,3,,"a,an",,,,FALSE,TRUE,綠,纟,2608,lu,green; (slang) (derived from 绿帽子) to cheat on (one's spouse or boyfriend or girlfriend),
马,mǎ,,3,,"n,nr,b",,,,FALSE,TRUE,馬,马,605,ma,horse; horse or cavalry piece in Chinese chess; knight in Western chess,multi_reading
马上,mǎ shàng,,3,,"d,s",,,,FALSE,TRUE,馬上,马,847,mashang,at once; right away; immediately,
满意,mǎn yì,,3,,"v,vn",,,,FALSE,TRUE,滿意,氵,1761,manyi,satisfied; pleased; to one's satisfaction,
帽子,mào zi,,3,,n,,,,FALSE,TRUE,,巾,3553,maozi,hat; cap; (fig.) label,
米,mǐ,,3,,"n,q",,,,FALSE,TRUE,,米,663,mi,rice; meter (classifier),multi_reading
面包,miàn bāo,,3,,n,,,,FALSE,TRUE,麵包,面,4138,mianbao,bread,
面条,miàn tiáo,,3,,n,,,,FALSE,TRUE,麵條,面,8961,miantiao,noodles,
明白,míng bai,,3,,"v,a,an",,,,FALSE,TRUE,,日,676,mingbai,clear; obvious; unequivocal,
拿,ná,,3,,v,,,,FALSE,TRUE,,手,287,na,to hold; to seize; to catch,multi_reading
奶奶,nǎi nai,,3,,n,,,,FALSE,TRUE,,女,2809,nainai,(informal) grandma (paternal grandmother); (respectful) mistress of the house; (coll.) boobies,
南,nán,,3,,"b,f",,,,FALSE,TRUE,,十,1709,nan,south,multi_reading
难,nán,,3,,"ad,a,v,g",,,,FALSE,TRUE,難,又,544,nan,difficult (to...); problem; difficulty,multi_reading; single_char_multi_tone
难过,nán guò,,3,,a,,,,FALSE,TRUE,難過,又,2714,nanguo,to feel sad; to feel unwell; (of life) to be difficult,
年级,nián jí,,3,,n,,,,FALSE,TRUE,年級,干,7644,nianji,"grade; year (in school, college etc)",
年轻,nián qīng,,3,,a,,,,FALSE,TRUE,年輕,干,1100,nianqing,young,
鸟,niǎo,,3,,n,,,,FALSE,TRUE,鳥,鸟,1593,niao,"bird; ""bird"" radical in Chinese characters (Kangxi radical 196); (dialect) to pay attention to",multi_reading; single_char_multi_sound
努力,nǔ lì,,3,,"ad,an,a",,,,FALSE,TRUE,,力,505,nuli,to make an effort; to try hard; to strive; hard-working; conscientious,
爬山,pá shān,,3,,"v,vn",,,,FALSE,TRUE,,爪,15470,pashan,to climb a mountain; to mountaineer; hiking,
盘子,pán zi,,3,,n,,,,FALSE,TRUE,盤子,皿,9039,panzi,tray; plate; dish,
胖,pàng,,3,,a,,,,FALSE,TRUE,,⺼,2396,pang,fat; plump,multi_reading; single_char_multi_sound
啤酒,pí jiǔ,,3,,n,,,,FALSE,TRUE,,口,2622,pijiu,beer (loanword),
葡萄,pú tao,,3,,n,,,,FALSE,TRUE,,艹,6422,putao,grape,
普通话,pǔ tōng huà,,3,,n,,,,FALSE,TRUE,普通話,日,14869,putonghua,Mandarin (common language); Putonghua (common speech of the Chinese language); ordinary speech,
其实,qí shí,,3,,d,,,,FALSE,TRUE,其實,八,405,qishi,actually; in fact; really,
其他,qí tā,,3,,r,,,,FALSE,TRUE,,八,267,qita,other; (sth or sb) else; the rest,
奇怪,qí guài,,3,,"v,a",,,,FALSE,TRUE,,大,1655,qiguai,strange; odd; to marvel,
骑,qí,,3,,v,,,,FALSE,TRUE,騎,马,2231,qi,"to sit astride; to ride (a horse, bike etc); classifier for saddle horses",multi_reading; single_char_multi_sound
铅笔,qiān bǐ,,3,,n,,,,FALSE,TRUE,鉛筆,钅,9108,qianbi,(lead) pencil,
清楚,qīng chu,,3,,"a,v,ad",,,,FALSE,TRUE,,氵,766,qingchu,clear; distinct; to understand thoroughly,
秋,qiū,,3,,"tg,g",,,,FALSE,TRUE,,禾,5603,qiu,autumn; fall; harvest time,multi_reading
裙子,qún zi,,3,,n,,,,FALSE,TRUE,,衤,5466,qunzi,skirt,
然后,rán hòu,,3,,c,,,,FALSE,TRUE,然後,灬,275,ranhou,then; after that; afterwards,
热情,rè qíng,,3,,"an,a,ad",,,,FALSE,TRUE,熱情,灬,2149,reqing,cordial; enthusiastic; passion,
认为,rèn wéi,,3,,v,,,,FALSE,TRUE,認為,讠,168,renwei,to believe; to think; to consider; to feel,
认真,rèn zhēn,,3,,"a,ad",,,,FALSE,TRUE,認真,讠,1020,renzhen,conscientious; earnest; serious,
容易,róng yì,,3,,"a,ad",,,,FALSE,TRUE,,宀,664,rongyi,easy; straightforward; likely; liable to; apt to,
如果,rú guǒ,,3,,"c,v",,,,FALSE,TRUE,,女,89,ruguo,if; in case; in the event that,
伞,sǎn,,3,,n,,,,FALSE,TRUE,傘,人,6101,san,umbrella; parasol,multi_reading
上网,shàng wǎng,,3,,"v,vn",,,,FALSE,TRUE,上網,一,4061,shangwang,to go online; to connect to the Internet; (of a document etc) to be uploaded to the Internet,
生气,shēng qì,,3,,"a,n,v,an",,,,FALSE,TRUE,生氣,生,2113,shengqi,to get angry; to take offense; angry,
声音,shēng yīn,,3,,n,,,,FALSE,TRUE,聲音,士,841,shengyin,voice; sound,
使,shǐ,,3,,v,,,,FALSE,TRUE,,亻,400,shi,to make; to cause; to enable,
世界,shì jiè,,3,,n,,,,FALSE,TRUE,,一,238,shijie,world,
瘦,shòu,,3,,a,,,,FALSE,TRUE,,疒,2595,shou,thin; to lose weight; (of clothing) tight,
叔叔,shū shu,,3,,n,,,,FALSE,TRUE,,又,3510,shushu,father's younger brother; uncle; Taiwan pr. [shú shu],
舒服,shū fu,,3,,a,,,,FALSE,TRUE,,舌,2343,shufu,comfortable; feeling well,
树,shù,,3,,"n,v",,,,FALSE,TRUE,樹,木,1481,shu,tree; to cultivate; to set up,
数学,shù xué,,3,,n,,,,FALSE,TRUE,數學,攵,3024,shuxue,mathematics; mathematical,
刷,shuā,,3,,"v,o",,,,FALSE,TRUE,,刂,3060,shua,to brush; to paint; to daub,absent_sourceB; multi_reading; single_char_multi_tone
双,shuāng,,3,,"m,q",,,,FALSE,TRUE,雙,又,642,shuang,two; double; pair,multi_reading
水平,shuǐ píng,,3,,n,,,,FALSE,TRUE,,水,1490,shuiping,level (of achievement etc); standard; horizontal,
司机,sī jī,,3,,n,,,,FALSE,TRUE,司機,口,1804,siji,chauffeur; driver,
虽然,suī rán,,3,,c,,,,FALSE,TRUE,雖然,虫,440,suiran,although; even though (often used correlatively with 是 or 是 etc),
太阳,tài yang,,3,,n,,,,FALSE,TRUE,太陽,大,2001,taiyang,sun; abbr. for 太阳穴,
糖,táng,,3,,n,,,,FALSE,TRUE,,米,2036,tang,sugar; sweets; candy,multi_reading
特别,tè bié,,3,,"d,a",,,,FALSE,TRUE,特別,牛,541,tebie,unusual; special; very; especially; particularly; expressly; for a specific purpose,
疼,téng,,3,,"v,a",,,,FALSE,TRUE,,疒,1641,teng,(it) hurts; sore; to love dearly,
提高,tí gāo,,3,,"v,vn",,,,FALSE,TRUE,,扌,1724,tigao,to raise; to increase; to improve,
体育,tǐ yù,,3,,n,,,,FALSE,TRUE,體育,亻,2354,tiyu,sports; physical education,
甜,tián,,3,,a,,,,FALSE,TRUE,,甘,2472,tian,sweet,
条,tiáo,,3,,q,,,,FALSE,TRUE,條,木,277,tiao,strip; item; article,
同事,tóng shì,,3,,n,,,,FALSE,TRUE,,口,2337,tongshi,colleague; co-worker,
同意,tóng yì,,3,,"v,vn",,,,FALSE,TRUE,,口,985,tongyi,to agree; to consent; to approve,
头发,tóu fa,,3,,n,,,,FALSE,TRUE,頭髮,大,1533,toufa,hair (on the head),
突然,tū rán,,3,,"ad,a",,,,FALSE,TRUE,,穴,644,turan,sudden; abrupt; unexpected,
图书馆,tú shū guǎn,,3,,n,,,,FALSE,TRUE,圖書館,囗,3836,tushuguan,library,
腿,tuǐ,,3,,n,,,,FALSE,TRUE,,⺼,1216,tui,leg,multi_reading
完成,wán chéng,,3,,"v,vn",,,,FALSE,TRUE,,宀,486,wancheng,to complete; to accomplish,
碗,wǎn,,3,,"n,q",,,,FALSE,TRUE,,石,2866,wan,bowl; cup,multi_reading
万,wàn,,3,,"m,t",,,,FALSE,TRUE,萬,一,557,wan,ten thousand; a great number,multi_reading
忘记,wàng jì,,3,,v,,,,FALSE,TRUE,忘記,心,1335,wangji,to forget,
为了,wèi le,,3,,"p,v",,,,FALSE,TRUE,為了,丶,229,weile,for; for the purpose of; in order to,
为什么,wèi shén me,,3,,r,,,,FALSE,TRUE,為什麼,丶,299,weishenme,why?; for what reason?,
位,wèi,,3,,"q,g",,,,FALSE,TRUE,,亻,177,wei,position; location; place,
文化,wén huà,,3,,n,,,,FALSE,TRUE,,文,1632,wenhua,culture; civilization; cultural,
习惯,xí guàn,,3,,"n,v",,,,FALSE,TRUE,習慣,冫,1251,xiguan,habit; custom; usual practice,
洗手间,xǐ shǒu jiān,,3,,n,,,,FALSE,TRUE,洗手間,氵,9674,xishoujian,toilet; lavatory; washroom,
洗澡,xǐ zǎo,,3,,"v,vn",,,,FALSE,TRUE,,氵,3512,xizao,to bathe; to take a shower,
西,xī,,3,,"f,b",,,,FALSE,TRUE,,西,958,xi,west,multi_reading
夏,xià,,3,,"tg,g,nr",,,,FALSE,TRUE,,夊,3828,xia,summer,multi_reading
先,xiān,,3,,"d,g",,,,FALSE,TRUE,,儿,306,xian,early; prior; former,
相同,xiāng tóng,,3,,a,,,,FALSE,TRUE,,目,2110,xiangtong,identical; same,
相信,xiāng xìn,,3,,v,,,,FALSE,TRUE,,目,431,xiangxin,to be convinced (that sth is true); to believe; to accept sth as true,
香蕉,xiāng jiāo,,3,,n,,,,FALSE,TRUE,,香,5473,xiangjiao,banana,
像,xiàng,,3,,"v,p,n,d",,,,FALSE,TRUE,,亻,151,xiang,to resemble; to be like; to look as if,
小心,xiǎo xīn,,3,,"a,v,ad",,,,FALSE,TRUE,,小,1411,xiaoxin,to be careful; to take care,
校长,xiào zhǎng,,3,,n,,,,FALSE,TRUE,校長,木,3365,xiaozhang,"(college, university) president; headmaster",
鞋,xié,,3,,n,,,,FALSE,TRUE,,革,1249,xie,shoe,absent_sourceB; multi_reading
新闻,xīn wén,,3,,n,,,,FALSE,TRUE,新聞,斤,805,xinwen,news,
新鲜,xīn xiān,,3,,a,,,,FALSE,TRUE,新鮮,斤,2651,xinxian,"fresh (experience, food etc); freshness; novel",
信,xìn,,3,,"n,v",,,,FALSE,TRUE,,亻,419,xin,letter; mail; to trust,absent_sourceB
行李箱,xíng li xiāng,,3,,n,,,,FALSE,TRUE,,行,16680,xinglixiang,suitcase; baggage compartment; overhead bin,
兴趣,xìng qù,,3,,n,,,,FALSE,TRUE,興趣,八,1847,xingqu,interest (desire to know about sth); interest (thing in which one is interested); hobby,absent_sourceB
熊猫,xióng māo,,3,,"n,nz",,,,FALSE,TRUE,熊貓,灬,7123,xiongmao,panda,
需要,xū yào,,3,,"v,n,vn",,,,FALSE,TRUE,,雨,131,xuyao,to need; to want; to demand; to require; needs,
选择,xuǎn zé,,3,,"v,vn",,,,FALSE,TRUE,選擇,辶,373,xuanze,to select; to pick; choice,
眼镜,yǎn jìng,,3,,n,,,,FALSE,TRUE,眼鏡,目,3998,yanjing,spectacles; eyeglasses,
要求,yāo qiú,,3,,"v,n",,,,FALSE,TRUE,,覀,409,yaoqiu,to request; to require; requirement,
爷爷,yé ye,,3,,n,,,,FALSE,TRUE,爺爺,父,3099,yeye,(coll.) father's father; paternal grandfather,
一般,yī bān,,3,,"a,ad,u",,,,FALSE,TRUE,,一,798,yiban,same; ordinary; so-so,
一边,yī biān,,3,,"d,f",,,,FALSE,TRUE,一邊,一,1241,yibian,one side; either side; on the one hand,
一定,yī dìng,,3,,"d,b",,,,FALSE,TRUE,,一,198,yiding,surely; certainly; necessarily,
一共,yī gòng,,3,,d,,,,FALSE,TRUE,,一,4765,yigong,altogether,
一会儿,yí huìr,,3,,mq,,,Chuẩn hoá vần hoá -r thành 'huìr'; nguồn A tách rời thành 'yī huì r'. 一 biến điệu thành yí trước thanh 4.,TRUE,TRUE,一會兒,一,2207,yihuir,a moment; a while; in a moment,override
一样,yī yàng,,3,,"u,a,ad",,,,FALSE,TRUE,一樣,一,235,yiyang,same; like; equal to,
一直,yī zhí,,3,,d,,,,FALSE,TRUE,,一,203,yizhi,straight (in a straight line); continuously; always; all the way through,
以后,yǐ hòu,,3,,f,,,,FALSE,TRUE,以後,人,407,yihou,after; later; afterwards,absent_sourceB
以前,yǐ qián,,3,,f,,,,FALSE,TRUE,,人,524,yiqian,before; formerly; previous,
以为,yǐ wéi,,3,,v,,,,FALSE,TRUE,以為,人,567,yiwei,to think (i.e. to take it to be true that ...) (Usually there is an implication that the notion is mistaken – except when expressing one's own current opinion.),
音乐,yīn yuè,,3,,n,,,,FALSE,TRUE,音樂,音,742,yinyue,music,
银行,yín háng,,3,,n,,,,FALSE,TRUE,銀行,钅,769,yinhang,bank,
应该,yīng gāi,,3,,v,,,,FALSE,TRUE,應該,广,174,yinggai,ought to; should; must,
影响,yǐng xiǎng,,3,,"v,vn",,,,FALSE,TRUE,影響,彡,598,yingxiang,influence; effect; to influence,
用,yòng,,3,,"v,p,g",,,,FALSE,TRUE,,用,79,yong,to use; to employ; to have to,
游戏,yóu xì,,3,,"n,v",,,,FALSE,TRUE,遊戲,氵,603,youxi,game; to play,
有名,yǒu míng,,3,,a,,,,FALSE,TRUE,,月,6219,youming,famous; well-known,
又,yòu,,3,,"d,c",,,,FALSE,TRUE,,又,91,you,(once) again; also; both... and...,
遇到,yù dào,,3,,v,,,,FALSE,TRUE,,辶,1063,yudao,to meet; to run into; to come across,
愿意,yuàn yì,,3,,v,,,,FALSE,TRUE,願意,心,738,yuanyi,to wish; to want; ready,
月亮,yuè liang,,3,,n,,,,FALSE,TRUE,,月,4781,yueliang,the moon,
越,yuè,,3,,"d,g,b",,,,FALSE,TRUE,,走,574,yue,to exceed; to climb over; to surpass,multi_reading
云,yún,,3,,"n,g,b",,,,FALSE,TRUE,,二,3335,yun,(classical) to say,multi_reading
站,zhàn,,3,,"v,n,q",,,,FALSE,TRUE,,立,399,zhan,station; to stand; to halt,
照顾,zhào gu,,3,,"v,vn",,,,FALSE,TRUE,照顧,灬,1631,zhaogu,to take care of; to show consideration; to attend to,
照片,zhào piàn,,3,,n,,,,FALSE,TRUE,,灬,766,zhaopian,photograph; picture,
照相机,zhào xiàng jī,,3,,n,,,,FALSE,TRUE,照相機,灬,10452,zhaoxiangji,camera,
着急,zháo jí,,3,,"a,ad",,,,FALSE,TRUE,著急,目,4461,zhaoji,to worry; to feel anxious; to feel a sense of urgency; to be in a hurry; Taiwan pr. [zhāo jí],
只,zhǐ,,3,,"d,q",,,"HSK3 只 = 'chỉ, chỉ có'. pinyin-pro trả 'zhī' (lượng từ con vật) và nghĩa CC-CEDICT bị rác.",TRUE,TRUE,,口,98,zhi,only; merely; just,override; multi_reading
中间,zhōng jiān,,3,,f,,,,FALSE,TRUE,中間,丨,1889,zhongjian,the middle; the inside; in the middle; within; between; among; during; in the meantime,
终于,zhōng yú,,3,,d,,,,FALSE,TRUE,終於,纟,625,zhongyu,at last; in the end; finally,
种,zhǒng,,3,,"q,v,g",,,,FALSE,TRUE,種,禾,179,zhong,seed; species; kind,multi_reading; single_char_multi_tone
重要,zhòng yào,,3,,a,,,,FALSE,TRUE,,里,240,zhongyao,important; significant; major,
周末,zhōu mò,,3,,t,,,,FALSE,TRUE,週末,口,1269,zhoumo,weekend,
主要,zhǔ yào,,3,,"b,d",,,,FALSE,TRUE,,丶,1031,zhuyao,main; principal; major,
注意,zhù yì,,3,,"v,vn",,,,FALSE,TRUE,,氵,547,zhuyi,to take note of; to pay attention to,
祝,zhù,,3,,"v,nr",,,,FALSE,TRUE,,礻,1197,zhu,"to pray for; to wish (sb bon voyage, happy birthday etc); person who invokes the spirits during sacrificial ceremonies",absent_sourceB; multi_reading
字典,zì diǎn,,3,,n,,,,FALSE,TRUE,,子,13961,zidian,"Chinese character dictionary (containing entries for single characters, contrasted with a 词典, which has entries for words of one or more characters); (coll.) dictionary",absent_sourceB
自己,zì jǐ,,3,,"r,v",,,,FALSE,TRUE,,自,56,ziji,oneself; one's own,
总是,zǒng shì,,3,,"d,v",,,,FALSE,TRUE,總是,心,638,zongshi,always,
最近,zuì jìn,,3,,t,,,,FALSE,TRUE,,曰,612,zuijin,recently; soon; nearest,
作业,zuò yè,,3,,"n,v,vn",,,,FALSE,TRUE,作業,亻,2574,zuoye,school assignment; homework; work,
作用,zuò yòng,,3,,"n,v",,,,FALSE,TRUE,,亻,955,zuoyong,to act on; to affect; action,
爱情,ài qíng,,4,,n,,,,FALSE,TRUE,愛情,爫,1164,aiqing,romance; love (romantic),
安排,ān pái,,4,,"v,vn",,,,FALSE,TRUE,,宀,900,anpai,to arrange; to plan; to set up,
安全,ān quán,,4,,"an,a,ad,n",,,,FALSE,TRUE,,宀,364,anquan,safe; secure; safety; security,
按时,àn shí,,4,,d,,,,FALSE,TRUE,按時,扌,7233,anshi,on time; before deadline; on schedule,
按照,àn zhào,,4,,"p,v",,,,FALSE,TRUE,,扌,1378,anzhao,according to; in accordance with; in the light of,
暗,àn,,4,,"a,ad",,,,FALSE,TRUE,,日,2594,an,dark; to turn dark; secret; hidden,multi_reading
包括,bāo kuò,,4,,v,,,,FALSE,TRUE,,勹,788,baokuo,to comprise; to include; to involve,
保护,bǎo hù,,4,,"v,vn",,,,FALSE,TRUE,保護,亻,536,baohu,to protect; to defend; to safeguard,
保证,bǎo zhèng,,4,,"v,vn",,,,FALSE,TRUE,保證,亻,586,baozheng,guarantee; to guarantee; to ensure,
报道,bào dào,,4,,"v,n,vn",,,,FALSE,TRUE,報道,扌,886,baodao,to report (news); report,
报名,bào míng,,4,,"v,vn",,,,FALSE,TRUE,報名,扌,4602,baoming,to sign up; to enter one's name; to apply,
抱,bào,,4,,v,,,,FALSE,TRUE,,扌,1238,bao,to hold; to carry (in one's arms); to hug,
抱歉,bào qiàn,,4,,"a,an,ad",,,,FALSE,TRUE,,扌,4909,baoqian,to be sorry; to feel apologetic; sorry!,
倍,bèi,,4,,"q,d",,,,FALSE,TRUE,,亻,1396,bei,"(two, three etc) -fold; times (multiplier); double",
本来,běn lái,,4,,"d,b",,,,FALSE,TRUE,本來,木,1093,benlai,original; originally; at first,
笨,bèn,,4,,"a,an",,,,FALSE,TRUE,,⺮,3806,ben,stupid; foolish; silly,
笔记本,bǐ jì běn,,4,,n,,,,FALSE,TRUE,筆記本,⺮,3935,bijiben,notebook (stationery); notebook (computing),
毕业,bì yè,,4,,"v,vn",,,,FALSE,TRUE,畢業,比,1755,biye,graduation; to graduate; to finish school,
遍,biàn,,4,,"qv,v,d,a",,,,FALSE,TRUE,,辶,1358,bian,everywhere; all over; classifier for actions: one time,multi_reading
标准,biāo zhǔn,,4,,"n,a",,,,FALSE,TRUE,標準,木,1317,biaozhun,standard; norm; criterion; (adjective) standard; good; correct; conforming to a standard,
表达,biǎo dá,,4,,"v,vn",,,,FALSE,TRUE,表達,衣,1660,biaoda,to express; to convey,
表格,biǎo gé,,4,,n,,,,FALSE,TRUE,,衣,8961,biaoge,form; table,
表扬,biǎo yáng,,4,,"v,vn",,,,FALSE,TRUE,表揚,衣,9042,biaoyang,to praise; to commend,
饼干,bǐng gān,,4,,n,,,,FALSE,TRUE,餅乾,饣,6412,binggan,biscuit; cracker; cookie,
并且,bìng qiě,,4,,c,,,,FALSE,TRUE,並且,干,827,bingqie,and; besides; moreover,
博士,bó shì,,4,,n,,,,FALSE,TRUE,,十,2425,boshi,doctor; court academician (in feudal China); Ph.D.,
不但,bù dàn,,4,,c,,,,FALSE,TRUE,,一,4161,budan,not only (... but also ...),
不得不,bù dé bù,,4,,d,,,,FALSE,TRUE,,一,1606,budebu,have no choice or option but to; cannot but; have to,
不管,bù guǎn,,4,,"c,v",,,,FALSE,TRUE,,一,854,buguan,not to be concerned; regardless of; no matter,
不过,bù guò,,4,,"c,d,u",,,,FALSE,TRUE,不過,一,216,buguo,only; merely; no more than,
不仅,bù jǐn,,4,,c,,,,FALSE,TRUE,不僅,一,1467,bujin,"not just; not limited to; (as a correlative conjunction) not only (..., but also ...)",
部分,bù fen,,4,,"n,m",,,,FALSE,TRUE,,阝,513,bufen,part; share; section,
擦,cā,,4,,v,,,,FALSE,TRUE,,扌,1952,ca,"to rub; to scratch; to towel; to wipe with a towel; to apply (lipstick, lotion etc)",
猜,cāi,,4,,v,,,,FALSE,TRUE,,犭,2168,cai,to guess,
材料,cái liào,,4,,n,,,,FALSE,TRUE,,木,2069,cailiao,(raw) material; data; (fig.) person who has the potential to do the job,
参观,cān guān,,4,,"v,vn",,,,FALSE,TRUE,參觀,厶,3793,canguan,to look around; to tour; to visit,
差不多,chà bu duō,,4,,l,,,,FALSE,TRUE,,工,2024,chabuduo,almost; nearly; more or less,
尝,cháng,,4,,v,,,,FALSE,TRUE,嘗,⺌,3212,chang,to taste; to try (food); to experience; (literary) ever; once,multi_reading
场,chǎng,,4,,"qv,g",,,,FALSE,TRUE,場,土,286,chang,large place used for a specific purpose; stage; scene (of a play),multi_reading; single_char_multi_tone
超过,chāo guò,,4,,v,,,,FALSE,TRUE,超過,走,1048,chaoguo,to surpass; to exceed; to outstrip,
吵,chǎo,,4,,v,,,,FALSE,TRUE,,口,2738,chao,to quarrel; to make a noise; noisy,
成功,chéng gōng,,4,,"a,an,ad",,,,FALSE,TRUE,,戈,476,chenggong,success; to succeed,multi_reading
成熟,chéng shú,,4,,"a,an",,,,FALSE,TRUE,,戈,1955,chengshu,mature; ripe; to mature; to ripen; Taiwan pr. [chéng shóu],
成为,chéng wéi,,4,,v,,,,FALSE,TRUE,成為,戈,267,chengwei,to become; to turn into,
诚实,chéng shí,,4,,"a,ad,an",,,,FALSE,TRUE,誠實,讠,5528,chengshi,honest,
乘坐,chéng zuò,,4,,v,,,,FALSE,TRUE,,丿,5499,chengzuo,to ride (in a vehicle),
吃惊,chī jīng,,4,,a,,,,FALSE,TRUE,吃驚,口,4518,chijing,to be startled; to be shocked; to be amazed,
抽烟,chōu yān,,4,,v,,,,FALSE,TRUE,抽煙,扌,5335,chouyan,"to smoke (a cigarette, tobacco)",
出差,chū chāi,,4,,"v,vn",,,,FALSE,TRUE,,凵,7087,chuchai,to go on an official or business trip,
出发,chū fā,,4,,v,,,,FALSE,TRUE,出發,凵,1714,chufa,to set off; to start (on a journey),
出生,chū shēng,,4,,"v,vn",,,,FALSE,TRUE,,凵,2112,chusheng,to be born,
传真,chuán zhēn,,4,,"n,v",,,,FALSE,TRUE,傳真,亻,6784,chuanzhen,fax; facsimile,
窗户,chuāng hu,,4,,n,,,,FALSE,TRUE,窗戶,穴,4130,chuanghu,window,
词典,cí diǎn,,4,,n,,,,FALSE,TRUE,詞典,讠,18663,cidian,dictionary; also written 辞典,
从来,cóng lái,,4,,d,,,,FALSE,TRUE,從來,人,1222,conglai,always; at all times; never (if used in negative sentence),
粗心,cū xīn,,4,,"a,an",,,,FALSE,TRUE,,米,21668,cuxin,careless; thoughtless,
答案,dá àn,,4,,n,,,,FALSE,TRUE,,⺮,1912,daan,answer; solution,
打扮,dǎ ban,,4,,"v,n",,,,FALSE,TRUE,,扌,4394,daban,to decorate; to dress; to make up,
打扰,dǎ rǎo,,4,,v,,,,FALSE,TRUE,打擾,扌,4800,darao,to disturb; to bother; to trouble,
打印,dǎ yìn,,4,,"v,vn",,,,FALSE,TRUE,,扌,8233,dayin,to affix a seal; to stamp; to print out (with a printer),
打折,dǎ zhé,,4,,"v,vn",,,,FALSE,TRUE,,扌,10290,dazhe,to give a discount,
打针,dǎ zhēn,,4,,v,,,,FALSE,TRUE,打針,扌,13196,dazhen,to give or have an injection,
大夫,dài fu,,4,,n,,,,FALSE,TRUE,,大,6248,daifu,doctor; physician,multi_reading
大概,dà gài,,4,,"d,n",,,,FALSE,TRUE,,大,1611,dagai,roughly; probably; rough,
大使馆,dà shǐ guǎn,,4,,n,,,,FALSE,TRUE,大使館,大,11530,dashiguan,embassy,
大约,dà yuē,,4,,d,,,,FALSE,TRUE,大約,大,2186,dayue,approximately; probably,
代表,dài biǎo,,4,,"n,v",,,,FALSE,TRUE,,亻,644,daibiao,representative; delegate; to represent,
代替,dài tì,,4,,v,,,,FALSE,TRUE,,亻,4167,daiti,to replace; to take the place of,
戴,dài,,4,,"v,nr",,,,FALSE,TRUE,,戈,1802,dai,"to put on or wear (glasses, hat, gloves etc); to respect; to bear",multi_reading
弹,tán,,4,,"v,g,vn",,,,FALSE,TRUE,彈,弓,2520,tan,to pluck (a string); to play (a string instrument); to spring or leap,absent_sourceB; multi_reading; single_char_multi_sound
当,dāng,,4,,"p,v",,,,FALSE,TRUE,噹,⺌,155,dang,(onom.) dong; ding dong (bell),multi_reading; single_char_multi_tone
当地,dāng dì,,4,,s,,,,FALSE,TRUE,當地,⺌,1609,dangdi,local,
当时,dāng shí,,4,,t,,,,FALSE,TRUE,當時,⺌,505,dangshi,then; at that time; while,ambiguous_tone; multi_reading
刀,dāo,,4,,"n,q",,,,FALSE,TRUE,,刀,1285,dao,knife; blade; single-edged sword,multi_reading
导游,dǎo yóu,,4,,n,,,,FALSE,TRUE,導遊,寸,10258,daoyou,tour guide; guidebook; to conduct a tour,
到处,dào chù,,4,,d,,,,FALSE,TRUE,到處,刂,2171,daochu,everywhere,
到底,dào dǐ,,4,,"d,v",,,,FALSE,TRUE,,刂,741,daodi,finally; in the end; when all is said and done,
道歉,dào qiàn,,4,,"v,vn",,,,FALSE,TRUE,,辶,3168,daoqian,to apologize,
地球,dì qiú,,4,,n,,,,FALSE,TRUE,,土,1971,diqiu,the earth,
地址,dì zhǐ,,4,,n,,,,FALSE,TRUE,,土,1067,dizhi,address,
得意,dé yì,,4,,"a,an",,,,FALSE,TRUE,,彳,6279,deyi,proud of oneself; pleased with oneself; complacent,
等,děng,,4,,"v,u",,,,FALSE,TRUE,,⺮,83,deng,class; rank; grade,
底,dǐ,,4,,"f,n",,,,FALSE,TRUE,,广,849,di,background; bottom; base,multi_reading; single_char_multi_sound
调查,diào chá,,4,,"v,vn",,,,FALSE,TRUE,調查,讠,512,diaocha,investigation; inquiry; to investigate,
掉,diào,,4,,v,,,,FALSE,TRUE,,扌,549,diao,to fall; to drop; to lag behind,
丢,diū,,4,,v,,,,FALSE,TRUE,丟,一,1655,diu,to lose; to put aside; to throw,
动作,dòng zuò,,4,,"n,v",,,,FALSE,TRUE,動作,力,1418,dongzuo,movement; motion; action; to act; to move,
堵车,dǔ chē,,4,,"v,vn",,,,FALSE,TRUE,堵車,土,10563,duche,traffic jam; (of traffic) to get congested,
肚子,dù zi,,4,,"n,q",,,,FALSE,TRUE,,⺼,2763,duzi,belly; abdomen; stomach,
断,duàn,,4,,"v,vn",,,,FALSE,TRUE,斷,斤,1707,duan,to break; to snap; to cut off,
对,duì,,4,,"p,v,q,a",,,,FALSE,TRUE,對,寸,28,dui,right; correct; towards; at; for; concerning; regarding,
对话,duì huà,,4,,"vn,v",,,,FALSE,TRUE,對話,寸,3221,duihua,to talk (with sb); dialogue; conversation,
对面,duì miàn,,4,,"f,n,v",,,,FALSE,TRUE,對面,寸,3939,duimian,(sitting) opposite; across (the street); directly in front,
顿,dùn,,4,,"qv,g",,,,FALSE,TRUE,頓,页,1617,dun,to stop; to pause; to arrange,
朵,duǒ,,4,,"q,g",,,,FALSE,TRUE,,木,4920,duo,flower; earlobe; fig. item on both sides,multi_reading
儿童,ér tóng,,4,,n,,,,FALSE,TRUE,兒童,儿,1692,ertong,child,
而,ér,,4,,"cc,u",,,,FALSE,TRUE,,而,75,er,and; as well as; and so,
发,fā,,4,,"v,q",,,,FALSE,TRUE,發,又,400,fa,to send out; to show (one's feeling); to issue,multi_reading; single_char_multi_tone
发生,fā shēng,,4,,"v,vn",,,,FALSE,TRUE,發生,又,211,fasheng,to happen; to occur; to take place; to break out,
发展,fā zhǎn,,4,,"v,vn",,,,FALSE,TRUE,發展,又,859,fazhan,development; growth; to develop,
法律,fǎ lǜ,,4,,n,,,,FALSE,TRUE,,氵,816,falu,law,
翻译,fān yì,,4,,,,,,FALSE,TRUE,翻譯,羽,4025,fanyi,to translate; to interpret; translator,
烦恼,fán nǎo,,4,,"an,a",,,,FALSE,TRUE,煩惱,火,4038,fannao,to be worried; to be distressed; worries,
反对,fǎn duì,,4,,"v,vn",,,,FALSE,TRUE,反對,又,1381,fandui,to oppose; to be against; to object to,
反映,fǎn yìng,,4,,"v,vn",,,,FALSE,TRUE,,又,3914,fanying,to mirror; to reflect; mirror image,
范围,fàn wéi,,4,,n,,,,FALSE,TRUE,範圍,艹,1325,fanwei,range; scope; limit,
方法,fāng fǎ,,4,,n,,,,FALSE,TRUE,,方,577,fangfa,method; way; means,
方面,fāng miàn,,4,,n,,,,FALSE,TRUE,,方,601,fangmian,respect; aspect; field,
方向,fāng xiàng,,4,,n,,,,FALSE,TRUE,,方,1183,fangxiang,direction; orientation,
访问,fǎng wèn,,4,,"v,vn",,,,FALSE,TRUE,訪問,讠,3182,fangwen,to visit; to call on; to interview,
放弃,fàng qì,,4,,v,,,,FALSE,TRUE,放棄,攵,994,fangqi,to renounce; to abandon; to give up,
放暑假,fàng shǔ jià,,4,,,,,,FALSE,TRUE,,攵,1000000,fangshujia,to be on summer vacation,
分之,fēn zhī,,4,,m,,,,FALSE,TRUE,,刀,42376,fenzhi,(indicating a fraction),absent_sourceB
份,fèn,,4,,q,,,,FALSE,TRUE,,亻,608,fen,"classifier for gifts, newspaper, magazine, papers, reports, contracts etc; variant of 分",
丰富,fēng fù,,4,,"a,v",,,,FALSE,TRUE,豐富,丨,2739,fengfu,to enrich; rich; plentiful,
风景,fēng jǐng,,4,,n,,,,FALSE,TRUE,風景,风,4068,fengjing,scenery; landscape,
否则,fǒu zé,,4,,c,,,,FALSE,TRUE,否則,口,1416,fouze,otherwise; if not; or (else),
符合,fú hé,,4,,v,,,,FALSE,TRUE,,⺮,1870,fuhe,in keeping with; in accordance with; tallying with,
父亲,fù qīn,,4,,n,,,,FALSE,TRUE,父親,父,817,fuqin,father; also pr. [fù qin],
负责,fù zé,,4,,"v,vn,a",,,,FALSE,TRUE,負責,贝,876,fuze,to be in charge of; to take responsibility for; to be to blame,
复印,fù yìn,,4,,"v,vn",,,,FALSE,TRUE,複印,夊,14608,fuyin,to photocopy; to duplicate a document,
复杂,fù zá,,4,,a,,,,FALSE,TRUE,複雜,夊,1657,fuza,complicated; complex,
富,fù,,4,,"g,a",,,,FALSE,TRUE,,宀,3016,fu,rich; abundant; wealthy,multi_reading
改变,gǎi biàn,,4,,"v,vn",,,,FALSE,TRUE,改變,攵,551,gaibian,to change; to alter; to transform,
感动,gǎn dòng,,4,,"v,a,vn,an",,,,FALSE,TRUE,感動,心,2676,gandong,to move (sb); to touch (sb emotionally); moving,
感觉,gǎn jué,,4,,"n,v",,,,FALSE,TRUE,感覺,心,274,ganjue,feeling; impression; sensation; to feel; to perceive,
感情,gǎn qíng,,4,,n,,,,FALSE,TRUE,,心,1257,ganqing,emotion; sentiment; affection,
感谢,gǎn xiè,,4,,"v,vn",,,,FALSE,TRUE,感謝,心,749,ganxie,(express) thanks; gratitude; grateful,
干,gàn,,4,,"v,a",,,"HSK4 干 = 'làm, công tác'. 'gān' (khô) thuộc 干净 — vốn là từ HSK3 riêng.",TRUE,TRUE,幹,十,463,gan,tree trunk; main part of sth; to manage,override; multi_reading
干杯,gān bēi,,4,,v,,,,FALSE,TRUE,乾杯,十,14023,ganbei,to drink a toast; Cheers! (proposing a toast); Here's to you!,
干燥,gān zào,,4,,"a,an,ad",,,,FALSE,TRUE,乾燥,十,8013,ganzao,"to dry (of weather, paint, cement etc); desiccation; dull",
刚刚,gāng gang,,4,,d,,,,FALSE,TRUE,剛剛,刂,719,ganggang,just recently; just a moment ago,absent_sourceB
高级,gāo jí,,4,,a,,,,FALSE,TRUE,高級,高,2221,gaoji,high level; high grade; advanced,
个子,gè zi,,4,,n,,,,FALSE,TRUE,個子,丨,10888,gezi,height; stature; build,
各,gè,,4,,r,,,,FALSE,TRUE,,口,1022,ge,each; every,
工具,gōng jù,,4,,n,,,,FALSE,TRUE,,工,2299,gongju,tool; instrument; utensil,
工资,gōng zī,,4,,n,,,,FALSE,TRUE,工資,工,2532,gongzi,wages; pay,
公里,gōng lǐ,,4,,"q,n",,,,FALSE,TRUE,,八,2531,gongli,kilometer,
共同,gòng tóng,,4,,"d,b",,,,FALSE,TRUE,,八,1623,gongtong,common; joint; jointly,
购物,gòu wù,,4,,"v,vn",,,,FALSE,TRUE,購物,贝,2912,gouwu,shopping,
够,gòu,,4,,"v,d",,,,FALSE,TRUE,夠,夕,1173,gou,enough (sufficient); enough (too much); (coll.) (before adj.) really,
估计,gū jì,,4,,"v,vn",,,,FALSE,TRUE,估計,亻,1586,guji,to estimate; to reckon; (coll.) to suppose,
孤单,gū dān,,4,,"a,an",,,,FALSE,TRUE,孤單,子,3459,gudan,lone; lonely; loneliness,absent_sourceB
鼓励,gǔ lì,,4,,"v,vn",,,,FALSE,TRUE,鼓勵,鼓,2649,guli,to encourage,
鼓掌,gǔ zhǎng,,4,,v,,,,FALSE,TRUE,,鼓,6623,guzhang,to applaud; to clap,
故意,gù yì,,4,,"d,b",,,,FALSE,TRUE,,攵,2426,guyi,deliberately; on purpose,
顾客,gù kè,,4,,n,,,,FALSE,TRUE,顧客,页,2706,guke,customer; client,
挂,guà,,4,,"v,q",,,,FALSE,TRUE,掛,扌,1092,gua,to hang or suspend (from a hook etc); to hang up (the phone); (of a line) to be dead,
关键,guān jiàn,,4,,"n,a",,,,FALSE,TRUE,關鍵,丷,1131,guanjian,crucial point; crux; key,
观众,guān zhòng,,4,,n,,,,FALSE,TRUE,觀眾,见,1260,guanzhong,spectators; audience; visitors (to an exhibition etc),
管理,guǎn lǐ,,4,,"vn,v",,,,FALSE,TRUE,,⺮,1202,guanli,to supervise; to manage; to administer,
光,guāng,,4,,"n,d,v,a",,,,FALSE,TRUE,,儿,800,guang,light; ray; bright; shiny; only; merely,
广播,guǎng bō,,4,,"vn,n,v",,,,FALSE,TRUE,廣播,广,3320,guangbo,broadcast; broadcasting; to broadcast,
广告,guǎng gào,,4,,n,,,,FALSE,TRUE,廣告,广,1122,guanggao,to advertise; a commercial; advertisement,
逛,guàng,,4,,v,,,,FALSE,TRUE,,辶,4709,guang,to stroll; to visit,
规定,guī dìng,,4,,"n,v",,,,FALSE,TRUE,規定,见,1151,guiding,to stipulate; to specify; to prescribe; to fix (a price); to set (a quota); regulations; rules; provisions; stipulations,
国际,guó jì,,4,,n,,,,FALSE,TRUE,國際,囗,1262,guoji,international,
果然,guǒ rán,,4,,"d,c",,,,FALSE,TRUE,,木,3104,guoran,really; sure enough; as expected,
过,guò,,4,,"u,v,d,g",,,,FALSE,TRUE,過,辶,60,guo,to cross; to go over; to pass (time),multi_reading; single_char_multi_tone
过程,guò chéng,,4,,n,,,,FALSE,TRUE,過程,辶,1002,guocheng,course of events; process,
咳嗽,ké sou,,4,,v,,,,FALSE,TRUE,,口,7020,kesou,to cough,
海洋,hǎi yáng,,4,,n,,,,FALSE,TRUE,,氵,4121,haiyang,ocean,
害羞,hài xiū,,4,,a,,,,FALSE,TRUE,,宀,6831,haixiu,shy; embarrassed; bashful,
寒假,hán jià,,4,,t,,,,FALSE,TRUE,,宀,21410,hanjia,winter vacation,
汗,hàn,,4,,n,,,,FALSE,TRUE,,氵,4310,han,"perspiration; sweat; to be speechless (out of helplessness, embarrassment etc) (Internet slang used as an interjection)",multi_reading
航班,háng bān,,4,,n,,,,FALSE,TRUE,,舟,3730,hangban,(scheduled) flight; (scheduled) sailing,
好处,hǎo chu,,4,,n,,,,FALSE,TRUE,好處,女,2534,haochu,benefit; advantage; merit; gain; profit; also pr. [hǎo chù],ambiguous_tone; multi_reading
好像,hǎo xiàng,,4,,v,,,,FALSE,TRUE,,女,738,haoxiang,as if; to seem like,
号码,hào mǎ,,4,,n,,,,FALSE,TRUE,號碼,口,2110,haoma,number,
合格,hé gé,,4,,"v,vn",,,,FALSE,TRUE,,口,5048,hege,to meet the standard required; qualified; eligible (voter etc),
合适,hé shì,,4,,a,,,,FALSE,TRUE,合適,口,2104,heshi,suitable; fitting; appropriate,
盒子,hé zi,,4,,n,,,,FALSE,TRUE,,皿,6250,hezi,box; case,
猴子,hóu zi,,4,,n,,,,FALSE,TRUE,,犭,5675,houzi,monkey,
后悔,hòu huǐ,,4,,"v,vn,a",,,,FALSE,TRUE,後悔,口,2667,houhui,to regret; to feel remorse,
后来,hòu lái,,4,,t,,,,FALSE,TRUE,後來,口,1055,houlai,afterwards; later; newly arrived,
厚,hòu,,4,,a,,,,FALSE,TRUE,,厂,3759,hou,thick; deep or profound; kind,
忽然,hū rán,,4,,d,,,,FALSE,TRUE,,心,4518,huran,suddenly; all of a sudden,
互相,hù xiāng,,4,,"d,b",,,,FALSE,TRUE,,二,2091,huxiang,each other; mutually; mutual,
护士,hù shi,,4,,n,,,,FALSE,TRUE,護士,扌,3782,hushi,nurse,
怀疑,huái yí,,4,,"v,vn",,,,FALSE,TRUE,懷疑,忄,1763,huaiyi,to doubt (sth); to be skeptical of; to have one's doubts,
回忆,huí yì,,4,,"v,vn",,,,FALSE,TRUE,回憶,囗,2055,huiyi,to recall; memories,
活动,huó dòng,,4,,"vn,v",,,,FALSE,TRUE,活動,氵,605,huodong,to exercise; to move about; to operate,
活泼,huó po,,4,,a,,,,FALSE,TRUE,活潑,氵,8011,huopo,lively; vivacious; brisk,
火,huǒ,,4,,"n,a,v",,,,FALSE,TRUE,,火,1181,huo,fire; urgent; ammunition,multi_reading
获得,huò dé,,4,,v,,,,FALSE,TRUE,獲得,艹,701,huode,to obtain; to receive; to get,
积极,jī jí,,4,,"a,ad",,,,FALSE,TRUE,積極,禾,2212,jiji,active; energetic; vigorous,
积累,jī lěi,,4,,"v,vn,n",,,,FALSE,TRUE,積累,禾,8722,jilei,to accumulate; accumulation; cumulative,
基础,jī chǔ,,4,,n,,,,FALSE,TRUE,基礎,土,2135,jichu,base; foundation; basis; basic; fundamental,
激动,jī dòng,,4,,"a,an",,,,FALSE,TRUE,激動,氵,1931,jidong,to move emotionally; to stir up (emotions); to excite,
及时,jí shí,,4,,"ad,a",,,,FALSE,TRUE,及時,又,2280,jishi,timely; at the right time; promptly; without delay,
即使,jí shǐ,,4,,c,,,,FALSE,TRUE,,卩,1004,jishi,even if; even though,
极其,jí qí,,4,,d,,,,FALSE,TRUE,極其,木,4627,jiqi,extremely,
集合,jí hé,,4,,"v,n",,,,FALSE,TRUE,,隹,5571,jihe,to gather; to assemble; (math.) set,
计划,jì huà,,4,,"n,v",,,,FALSE,TRUE,計劃,讠,403,jihua,plan; project; program,
记者,jì zhě,,4,,n,,,,FALSE,TRUE,記者,讠,844,jizhe,reporter; journalist,
技术,jì shù,,4,,n,,,,FALSE,TRUE,技術,扌,758,jishu,technology; technique; skill,
既然,jì rán,,4,,c,,,,FALSE,TRUE,,旡,1629,jiran,since; as; this being the case,
继续,jì xù,,4,,v,,,,FALSE,TRUE,繼續,纟,285,jixu,to continue; to proceed with; to go on with,
寄,jì,,4,,v,,,,FALSE,TRUE,,宀,2842,ji,to send; to mail; to entrust,
加班,jiā bān,,4,,"v,vn",,,,FALSE,TRUE,,力,5951,jiaban,to work overtime,
加油站,jiā yóu zhàn,,4,,n,,,,FALSE,TRUE,,力,7839,jiayouzhan,gas station,
家具,jiā jù,,4,,n,,,,FALSE,TRUE,,宀,4188,jiaju,furniture,
假,jiǎ,,4,,"a,ad,n,g",,,,FALSE,TRUE,,亻,1053,jia,fake; false; artificial,multi_reading; single_char_multi_tone
价格,jià gé,,4,,n,,,,FALSE,TRUE,價格,亻,1783,jiage,price,
坚持,jiān chí,,4,,v,,,,FALSE,TRUE,堅持,土,751,jianchi,to persevere with; to persist in; to insist on,
减肥,jiǎn féi,,4,,"v,vn",,,,FALSE,TRUE,減肥,冫,3988,jianfei,to lose weight,
减少,jiǎn shǎo,,4,,"v,vn",,,,FALSE,TRUE,減少,冫,2443,jianshao,to lessen; to decrease; to reduce; to lower,
将来,jiāng lái,,4,,t,,,,FALSE,TRUE,將來,丬,2601,jianglai,in the future; future; the future,
奖金,jiǎng jīn,,4,,n,,,,FALSE,TRUE,獎金,大,3649,jiangjin,premium; award money; bonus,
降低,jiàng dī,,4,,"v,vn",,,,FALSE,TRUE,,阝,3058,jiangdi,to reduce; to lower; to bring down,
交,jiāo,,4,,"v,g",,,,FALSE,TRUE,,亠,715,jiao,to hand over; to deliver; to pay (money),
交流,jiāo liú,,4,,"vn,v",,,,FALSE,TRUE,,亠,1828,jiaoliu,to exchange; exchange; communication,
交通,jiāo tōng,,4,,n,,,,FALSE,TRUE,,亠,1688,jiaotong,to be connected; traffic; transportation,
骄傲,jiāo ào,,4,,"an,a",,,,FALSE,TRUE,驕傲,马,3023,jiaoao,pride; arrogance; conceited,
饺子,jiǎo zi,,4,,n,,,,FALSE,TRUE,餃子,饣,11834,jiaozi,dumpling; pot-sticker,
教授,jiào shòu,,4,,"n,v",,,,FALSE,TRUE,,攵,1612,jiaoshou,professor; to instruct; to lecture on,
教育,jiào yù,,4,,"vn,v",,,,FALSE,TRUE,,攵,1197,jiaoyu,to educate; to teach; education,
接受,jiē shòu,,4,,"v,vn",,,,FALSE,TRUE,,扌,465,jieshou,to accept; to receive,
节约,jié yuē,,4,,"v,vn",,,,FALSE,TRUE,節約,艹,7912,jieyue,to economize; to conserve (resources); economy,
结果,jié guǒ,,4,,"n,d",,,"HSK4 结果 = 'kết quả' (jiéguǒ). 'jiēguǒ' nghĩa là 'ra quả, đơm quả'.",TRUE,TRUE,結果,纟,364,jieguo,outcome; result; conclusion,override; multi_reading
解释,jiě shì,,4,,"v,vn",,,,FALSE,TRUE,解釋,角,872,jieshi,explanation; to explain; to interpret,
尽管,jǐn guǎn,,4,,"c,d",,,,FALSE,TRUE,儘管,尸,1014,jinguan,despite; although; even though,
紧张,jǐn zhāng,,4,,"a,ad,an",,,,FALSE,TRUE,緊張,糸,1073,jinzhang,nervous; keyed up; intense,
进行,jìn xíng,,4,,"v,vn",,,,FALSE,TRUE,進行,辶,299,jinxing,to advance; to conduct; underway,
禁止,jìn zhǐ,,4,,v,,,,FALSE,TRUE,,示,2897,jinzhi,to prohibit; to forbid; to ban,
京剧,jīng jù,,4,,n,,,,FALSE,TRUE,京劇,亠,40061,jingju,Beijing opera,
经济,jīng jì,,4,,n,,,,FALSE,TRUE,經濟,纟,1376,jingji,economy; economic,
经历,jīng lì,,4,,"v,n",,,,FALSE,TRUE,經歷,纟,1047,jingli,experience; to experience; to go through,
经验,jīng yàn,,4,,"n,v",,,,FALSE,TRUE,經驗,纟,1269,jingyan,experience; to experience,
精彩,jīng cǎi,,4,,a,,,,FALSE,TRUE,,米,1320,jingcai,wonderful; marvelous; brilliant,
精神,jīng shen,,4,,n,,,,FALSE,TRUE,,米,640,jingshen,vigor; vitality; drive,ambiguous_tone; multi_reading
警察,jǐng chá,,4,,n,,,,FALSE,TRUE,,言,1128,jingcha,police; police officer,
竞争,jìng zhēng,,4,,"vn,v",,,,FALSE,TRUE,競爭,立,1584,jingzheng,to compete; competition,
竟然,jìng rán,,4,,d,,,,FALSE,TRUE,,立,1381,jingran,unexpectedly; to one's surprise; in spite of everything,
镜子,jìng zi,,4,,n,,,,FALSE,TRUE,鏡子,钅,5015,jingzi,mirror,
究竟,jiū jìng,,4,,"d,n",,,,FALSE,TRUE,,穴,1812,jiujing,to go to the bottom of a matter; after all; when all is said and done,
举办,jǔ bàn,,4,,"v,vn",,,,FALSE,TRUE,舉辦,丶,2669,juban,to conduct; to hold,
拒绝,jù jué,,4,,"v,vn",,,,FALSE,TRUE,拒絕,扌,1443,jujue,to refuse; to decline; to reject,
距离,jù lí,,4,,"n,p",,,,FALSE,TRUE,距離,足,1725,juli,distance; to be apart from,
开玩笑,kāi wán xiào,,4,,v,,,,FALSE,TRUE,開玩笑,廾,3878,kaiwanxiao,to play a joke; to make fun of; to joke,
看法,kàn fǎ,,4,,n,,,,FALSE,TRUE,,目,2435,kanfa,way of looking at a thing; view; opinion,
考虑,kǎo lǜ,,4,,"v,vn",,,,FALSE,TRUE,考慮,耂,607,kaolu,to think over; to consider; consideration,
科学,kē xué,,4,,"n,a,ad",,,,FALSE,TRUE,科學,禾,1299,kexue,science; scientific knowledge; scientific,
棵,kē,,4,,q,,,,FALSE,TRUE,,木,4222,ke,"classifier for trees, cabbages, plants etc",
可怜,kě lián,,4,,"v,a,vn",,,,FALSE,TRUE,可憐,口,1942,kelian,pitiful; pathetic; to have pity on,
可是,kě shì,,4,,"c,d,v",,,,FALSE,TRUE,,口,404,keshi,but; however; (used for emphasis) indeed,
可惜,kě xī,,4,,"v,a",,,,FALSE,TRUE,,口,2035,kexi,it is a pity; what a pity; unfortunately,
肯定,kěn dìng,,4,,"d,v,vn,a",,,,FALSE,TRUE,,⺼,494,kending,to be certain; to be positive; assuredly,
空气,kōng qì,,4,,n,,,,FALSE,TRUE,空氣,穴,2055,kongqi,air; atmosphere,
恐怕,kǒng pà,,4,,d,,,,FALSE,TRUE,,心,2245,kongpa,fear; to dread; I'm afraid that...,
苦,kǔ,,4,,"a,an,ad,v",,,,FALSE,TRUE,,艹,2331,ku,bitter; hardship; pain,
宽,kuān,,4,,a,,,,FALSE,TRUE,寬,宀,3471,kuan,wide; broad; loose,multi_reading
困,kùn,,4,,"v,an,a,vn",,,,FALSE,TRUE,,囗,1868,kun,to trap; to surround; hard-pressed,multi_reading
困难,kùn nan,,4,,"a,an",,,,FALSE,TRUE,困難,囗,1141,kunnan,difficult; challenging; straitened circumstances,
扩大,kuò dà,,4,,"v,vn",,,,FALSE,TRUE,擴大,扌,3635,kuoda,to expand; to enlarge; to broaden one's scope,
垃圾桶,lā jī tǒng,,4,,n,,,,FALSE,TRUE,,土,11938,lajitong,rubbish bin; trash can; garbage can,
拉,lā,,4,,"v,b",,,,FALSE,TRUE,,扌,484,la,to pull; to play (a bowed instrument); to drag,
辣,là,,4,,"a,an,v",,,,FALSE,TRUE,,辛,2791,la,"hot (spicy); pungent; (of chili pepper, raw onions etc) to sting",multi_reading
来不及,lái bu jí,,4,,v,,,,FALSE,TRUE,來不及,木,5768,laibuji,there's not enough time (to do sth); it's too late (to do sth),
来得及,lái de jí,,4,,v,,,,FALSE,TRUE,來得及,木,6981,laideji,to have enough time; can do it in time; can still make it,
懒,lǎn,,4,,a,,,,FALSE,TRUE,懶,忄,6238,lan,lazy,multi_reading
浪费,làng fèi,,4,,"v,vn",,,,FALSE,TRUE,浪費,氵,1924,langfei,to waste; to squander,
浪漫,làng màn,,4,,"a,an",,,,FALSE,TRUE,,氵,2439,langman,romantic,
老虎,lǎo hǔ,,4,,n,,,,FALSE,TRUE,,老,5451,laohu,tiger,
冷静,lěng jìng,,4,,"a,ad,an",,,,FALSE,TRUE,冷靜,冫,2908,lengjing,calm; cool-headed; dispassionate; (of a place) deserted; quiet,
礼貌,lǐ mào,,4,,"an,a,ad",,,,FALSE,TRUE,禮貌,礻,6337,limao,courtesy; politeness; manners; courteous; polite,
理发,lǐ fà,,4,,"v,vn",,,,FALSE,TRUE,理髮,王,13406,lifa,to get a haircut; to have one's hair done; to cut (sb's) hair; to give (sb) a haircut,
理解,lǐ jiě,,4,,"v,vn",,,,FALSE,TRUE,,王,884,lijie,to comprehend; to understand,
理想,lǐ xiǎng,,4,,"n,a",,,,FALSE,TRUE,,王,2661,lixiang,an ideal; a dream; ideal,
力气,lì qi,,4,,n,,,,FALSE,TRUE,力氣,力,5156,liqi,strength,
厉害,lì hai,,4,,"a,an",,,,FALSE,TRUE,厲害,厂,1925,lihai,"(used to describe sb or sth that makes a very strong impression, whether favorable or unfavorable) terrible; intense; severe",
例如,lì rú,,4,,v,,,,FALSE,TRUE,,亻,3486,liru,for example; for instance; such as,
俩,liǎ,,4,,m,,,,FALSE,TRUE,倆,亻,1419,lia,two (colloquial equivalent of 两个); both; some,multi_reading
连,lián,,4,,"u,d,v,n",,,,FALSE,TRUE,連,辶,406,lian,to link; to join; to connect,multi_reading
联系,lián xì,,4,,"v,vn",,,,FALSE,TRUE,聯繫,耳,667,lianxi,connection; contact; relation,multi_reading
凉快,liáng kuai,,4,,a,,,,FALSE,TRUE,涼快,冫,19483,liangkuai,nice and cold; pleasantly cool,
亮,liàng,,4,,"v,a",,,,FALSE,TRUE,,亠,1691,liang,bright; clear; resonant,
聊天,liáo tiān,,4,,"v,vn",,,,FALSE,TRUE,,耳,2609,liaotian,to chat; to gossip,
另外,lìng wài,,4,,"r,c,d",,,,FALSE,TRUE,,口,725,lingwai,additional; in addition; besides,
流泪,liú lèi,,4,,v,,,,FALSE,TRUE,流淚,氵,7253,liulei,to shed tears,
流利,liú lì,,4,,"a,ad",,,,FALSE,TRUE,,氵,17449,liuli,fluent,
流行,liú xíng,,4,,"v,vn",,,,FALSE,TRUE,,氵,2724,liuxing,"(of a contagious disease etc) to spread; to propagate; (of a style of clothing, song etc) popular",
留,liú,,4,,v,,,,FALSE,TRUE,,田,705,liu,to leave (a message etc); to retain; to stay,multi_reading
留学,liú xué,,4,,"v,vn",,,,FALSE,TRUE,留學,田,15630,liuxue,to study abroad,
律师,lǜ shī,,4,,n,,,,FALSE,TRUE,律師,彳,1246,lushi,lawyer,
乱,luàn,,4,,"d,a,v",,,,FALSE,TRUE,亂,乚,1206,luan,in confusion or disorder; in a confused state of mind; disorder,
麻烦,má fan,,4,,"an,a,v,n",,,,FALSE,TRUE,麻煩,麻,1492,mafan,trouble; inconvenience; inconvenient; troublesome; annoying; to bother sb; to put sb to trouble,
马虎,mǎ hu,,4,,"a,an",,,,FALSE,TRUE,馬虎,马,20190,mahu,careless; sloppy; negligent,
满,mǎn,,4,,"a,v,d,b",,,,FALSE,TRUE,滿,氵,961,man,to fill; full; filled,multi_reading
毛巾,máo jīn,,4,,n,,,,FALSE,TRUE,,毛,6574,maojin,towel,
美丽,měi lì,,4,,"a,an",,,,FALSE,TRUE,美麗,羊,1262,meili,beautiful,
梦,mèng,,4,,"n,g",,,,FALSE,TRUE,夢,木,913,meng,dream; (bound form) to dream,
密码,mì mǎ,,4,,n,,,,FALSE,TRUE,密碼,宀,3133,mima,cipher; secret code; password; PIN,
免费,miǎn fèi,,4,,"v,vn",,,,FALSE,TRUE,免費,儿,1416,mianfei,free (of charge),
民族,mín zú,,4,,n,,,,FALSE,TRUE,,民,3724,minzu,nationality; ethnic group,
母亲,mǔ qīn,,4,,n,,,,FALSE,TRUE,母親,母,983,muqin,mother; also pr. [mǔ qin],
目的,mù dì,,4,,n,,,,FALSE,TRUE,,目,1260,mudi,purpose; aim; goal; target; objective,
耐心,nài xīn,,4,,"a,ad,an",,,,FALSE,TRUE,,而,3844,naixin,to be patient; patience,
难道,nán dào,,4,,d,,,,FALSE,TRUE,難道,又,1147,nandao,don't tell me ...; could it be that...?,
难受,nán shòu,,4,,a,,,,FALSE,TRUE,難受,又,3699,nanshou,to feel unwell; to suffer pain; to be difficult to bear,
内,nèi,,4,,f,,,,FALSE,TRUE,內,入,319,nei,inside; inner; internal,
内容,nèi róng,,4,,n,,,,FALSE,TRUE,內容,入,1246,neirong,content; substance; details,
能力,néng lì,,4,,n,,,,FALSE,TRUE,,⺼,534,nengli,capability; ability,
年龄,nián líng,,4,,n,,,,FALSE,TRUE,年齡,干,2013,nianling,(a person's) age,
农村,nóng cūn,,4,,n,,,,FALSE,TRUE,農村,冖,8305,nongcun,rural area; village,
弄,nòng,,4,,v,,,,FALSE,TRUE,,廾,952,nong,to do; to manage; to handle,multi_reading; single_char_multi_sound
暖和,nuǎn huo,,4,,"a,v",,,,FALSE,TRUE,,日,8118,nuanhuo,warm; nice and warm,
偶尔,ǒu ěr,,4,,"d,b",,,,FALSE,TRUE,偶爾,亻,3731,ouer,occasionally; once in a while; sometimes,
排列,pái liè,,4,,"v,vn",,,,FALSE,TRUE,,扌,8340,pailie,to arrange in order; (math.) permutation,
判断,pàn duàn,,4,,"v,vn,n",,,,FALSE,TRUE,判斷,刂,2480,panduan,to judge; to determine; judgment,
陪,péi,,4,,v,,,,FALSE,TRUE,,阝,1090,pei,to accompany; to keep sb company; to assist,
批评,pī píng,,4,,"v,vn",,,,FALSE,TRUE,批評,扌,3504,piping,to criticize; criticism,
皮肤,pí fū,,4,,n,,,,FALSE,TRUE,皮膚,皮,1922,pifu,skin,
脾气,pí qi,,4,,n,,,,FALSE,TRUE,脾氣,⺼,4017,piqi,character; temperament; disposition,
篇,piān,,4,,"q,g",,,,FALSE,TRUE,,⺮,1691,pian,sheet; piece of writing; bound set of bamboo slips used for record keeping (old),
骗,piàn,,4,,"v,vn",,,,FALSE,TRUE,騙,马,1935,pian,to cheat; to swindle; to deceive,
乒乓球,pīng pāng qiú,,4,,n,,,,FALSE,TRUE,,丿,10217,pingpangqiu,table tennis; ping-pong; table tennis ball,
平时,píng shí,,4,,t,,,,FALSE,TRUE,平時,广,2780,pingshi,ordinarily; in normal times; in peacetime,
瓶子,píng zi,,4,,n,,,,FALSE,TRUE,,瓦,6741,pingzi,bottle,
破,pò,,4,,"v,a",,,,FALSE,TRUE,,石,1272,po,broken; damaged; worn out,
普遍,pǔ biàn,,4,,"a,ad",,,,FALSE,TRUE,,日,5800,pubian,universal; general; widespread,
其次,qí cì,,4,,"c,r",,,,FALSE,TRUE,,八,3998,qici,next; secondly,
其中,qí zhōng,,4,,r,,,,FALSE,TRUE,,八,470,qizhong,among; in; included among these,
起飞,qǐ fēi,,4,,"v,vn",,,,FALSE,TRUE,起飛,走,5419,qifei,(of an aircraft) to take off,
起来,qǐ lai,,4,,v,,,,FALSE,TRUE,起來,走,172,qilai,to stand up; to get up; also pr. [qǐ lái],ambiguous_tone; multi_reading
气候,qì hòu,,4,,n,,,,FALSE,TRUE,氣候,气,6570,qihou,(meteorology) climate; (fig.) climate; prevailing conditions (in human affairs),
千万,qiān wàn,,4,,"m,t",,,,FALSE,TRUE,千萬,十,1708,qianwan,ten million; countless; many,
签证,qiān zhèng,,4,,n,,,,FALSE,TRUE,簽證,⺮,8073,qianzheng,visa; to issue a visa,
墙,qiáng,,4,,n,,,,FALSE,TRUE,牆,土,1741,qiang,wall,multi_reading
敲,qiāo,,4,,v,,,,FALSE,TRUE,,攴,4007,qiao,to hit; to strike; to tap,
桥,qiáo,,4,,n,,,,FALSE,TRUE,橋,木,2120,qiao,bridge,
巧克力,qiǎo kè lì,,4,,n,,,,FALSE,TRUE,,工,3003,qiaokeli,chocolate (loanword),
亲戚,qīn qi,,4,,n,,,,FALSE,TRUE,親戚,立,5076,qinqi,a relative (i.e. family relation),
轻,qīng,,4,,"a,ad,v,g",,,,FALSE,TRUE,輕,车,1814,qing,light; easy; gentle,
轻松,qīng sōng,,4,,"a,ad",,,,FALSE,TRUE,輕鬆,车,1729,qingsong,light; gentle; relaxed,
情况,qíng kuàng,,4,,n,,,,FALSE,TRUE,情況,忄,245,qingkuang,circumstances; state of affairs; situation,
请假,qǐng jià,,4,,v,,,,FALSE,TRUE,請假,讠,10134,qingjia,to request leave of absence,
请客,qǐng kè,,4,,v,,,,FALSE,TRUE,請客,讠,9854,qingke,to give a dinner party; to entertain guests; to invite to dinner,absent_sourceB
穷,qióng,,4,,"a,d,g",,,,FALSE,TRUE,窮,穴,4355,qiong,poor; destitute; to use up,
区别,qū bié,,4,,"n,v",,,,FALSE,TRUE,區別,匸,2566,qubie,difference; to distinguish; to discriminate,
取,qǔ,,4,,v,,,,FALSE,TRUE,,又,1198,qu,to take; to get; to choose,
全部,quán bù,,4,,m,,,,FALSE,TRUE,,入,718,quanbu,whole; all,
缺点,quē diǎn,,4,,n,,,,FALSE,TRUE,缺點,缶,5178,quedian,weak point; fault; shortcoming,
缺少,quē shǎo,,4,,v,,,,FALSE,TRUE,,缶,4326,queshao,lack; shortage of; shortfall,
却,què,,4,,d,,,,FALSE,TRUE,卻,卩,199,que,but; yet; however,multi_reading
确实,què shí,,4,,"ad,a,d",,,,FALSE,TRUE,確實,石,850,queshi,indeed; really; reliable,
群,qún,,4,,"q,g",,,,FALSE,TRUE,,羊,1165,qun,"group; crowd; flock, herd, pack etc",multi_reading
然而,rán ér,,4,,c,,,,FALSE,TRUE,,灬,1818,raner,however; yet; but,
热闹,rè nao,,4,,a,,,,FALSE,TRUE,熱鬧,灬,6073,renao,bustling with noise and excitement; lively,
人民币,rén mín bì,,4,,n,,,,FALSE,TRUE,人民幣,人,21641,renminbi,Renminbi (RMB); Chinese Yuan (CNY),
任何,rèn hé,,4,,r,,,,FALSE,TRUE,,亻,356,renhe,any; whatever; whichever,
任务,rèn wu,,4,,n,,,,FALSE,TRUE,任務,亻,664,renwu,mission; assignment; task; duty; role,
扔,rēng,,4,,v,,,,FALSE,TRUE,,扌,2405,reng,to throw; to throw away,
仍然,réng rán,,4,,d,,,,FALSE,TRUE,,亻,1029,rengran,still; as before; yet,
日记,rì jì,,4,,n,,,,FALSE,TRUE,日記,日,4636,riji,diary,
入口,rù kǒu,,4,,"n,v",,,,FALSE,TRUE,,入,5927,rukou,entrance; to import,
软,ruǎn,,4,,"a,ad",,,,FALSE,TRUE,軟,车,3178,ruan,soft; flexible,multi_reading
散步,sàn bù,,4,,"v,vn",,,,FALSE,TRUE,,攵,6153,sanbu,to take a walk; to go for a walk,
森林,sēn lín,,4,,n,,,,FALSE,TRUE,,木,3183,senlin,forest,
沙发,shā fā,,4,,n,,,,FALSE,TRUE,沙發,氵,3832,shafa,sofa (loanword); (Internet slang) the first reply or replier to a forum post,
伤心,shāng xīn,,4,,a,,,,FALSE,TRUE,傷心,亻,2543,shangxin,to grieve; to be broken-hearted; to feel deeply hurt,
商量,shāng liang,,4,,v,,,,FALSE,TRUE,,口,4232,shangliang,to consult; to talk over; to discuss,
稍微,shāo wēi,,4,,d,,,,FALSE,TRUE,,禾,4305,shaowei,a little bit,
社会,shè huì,,4,,n,,,,FALSE,TRUE,社會,礻,836,shehui,society,
申请,shēn qǐng,,4,,"v,n,vn",,,,FALSE,TRUE,申請,田,1500,shenqing,to apply for sth; application form,
深,shēn,,4,,"a,d,g,b",,,,FALSE,TRUE,,氵,1014,shen,deep (lit. and fig.),multi_reading
甚至,shèn zhì,,4,,"d,c",,,,FALSE,TRUE,,甘,478,shenzhi,even; so much so that,
生活,shēng huó,,4,,"vn,v",,,,FALSE,TRUE,,生,203,shenghuo,to live; life; livelihood,
生命,shēng mìng,,4,,n,,,,FALSE,TRUE,,生,705,shengming,life (as the characteristic of living beings); living being; creature,
省,shěng,,4,,"n,v",,,,FALSE,TRUE,,目,1081,sheng,to save; to economize; to be frugal; to omit; to delete; to leave out; province,multi_reading; single_char_multi_sound
剩,shèng,,4,,v,,,,FALSE,TRUE,,刂,2453,sheng,to remain; to be left; to have as remainder,
失败,shī bài,,4,,"v,vn",,,,FALSE,TRUE,失敗,大,1588,shibai,to be defeated; to lose; to fail (e.g. experiments),
失望,shī wàng,,4,,"a,an,ad",,,,FALSE,TRUE,,大,2106,shiwang,disappointed; to lose hope; to despair,
师傅,shī fu,,4,,n,,,,FALSE,TRUE,師傅,巾,4911,shifu,master; qualified worker; respectful form of address for older men,
狮子,shī zi,,4,,n,,,,FALSE,TRUE,獅子,犭,4295,shizi,lion,multi_reading
湿润,shī rùn,,4,,"a,v",,,,FALSE,TRUE,濕潤,氵,15795,shirun,moist,
十分,shí fēn,,4,,d,,,,FALSE,TRUE,,十,1086,shifen,very; completely; utterly,
实际,shí jì,,4,,"n,a,ad",,,,FALSE,TRUE,實際,宀,1981,shiji,reality; practice; practical,
实在,shí zài,,4,,"d,a",,,,FALSE,TRUE,實在,宀,1340,shizai,really; actually; indeed,
食品,shí pǐn,,4,,n,,,,FALSE,TRUE,,食,2176,shipin,foodstuff; food; provisions,absent_sourceB
使用,shǐ yòng,,4,,"v,vn",,,,FALSE,TRUE,,亻,641,shiyong,to use; to employ; to apply,
世纪,shì jì,,4,,n,,,,FALSE,TRUE,世紀,一,1599,shiji,century,
市场,shì chǎng,,4,,n,,,,FALSE,TRUE,市場,巾,1190,shichang,marketplace; market (also in abstract),
试,shì,,4,,"v,vn",,,,FALSE,TRUE,試,讠,938,shi,to test; to try; experiment,
适合,shì hé,,4,,v,,,,FALSE,TRUE,適合,辶,1211,shihe,to fit; to suit,
适应,shì yìng,,4,,"v,vn",,,,FALSE,TRUE,適應,辶,2147,shiying,to adapt; to fit; to suit,
收,shōu,,4,,v,,,,FALSE,TRUE,,攵,834,shou,to receive; to accept; to collect,
收入,shōu rù,,4,,"n,v",,,,FALSE,TRUE,,攵,2243,shouru,to take in; income; revenue,
收拾,shōu shi,,4,,v,,,,FALSE,TRUE,,攵,3266,shoushi,to put in order; to tidy up; to pack,
首都,shǒu dū,,4,,n,,,,FALSE,TRUE,,首,4483,shoudu,capital (city),
首先,shǒu xiān,,4,,"d,c",,,,FALSE,TRUE,,首,878,shouxian,first (of all); in the first place,
受不了,shòu bù liǎo,,4,,l,,,,FALSE,TRUE,,又,3756,shoubuliao,unbearable; unable to endure; can't stand,
受到,shòu dào,,4,,v,,,,FALSE,TRUE,,又,858,shoudao,"to receive (praise, an education, punishment etc); to be ...ed (praised, educated, punished etc)",
售货员,shòu huò yuán,,4,,n,,,,FALSE,TRUE,售貨員,口,19954,shouhuoyuan,salesperson,
输,shū,,4,,v,,,,FALSE,TRUE,輸,车,1403,shu,to lose; to be beaten; (bound form) to transport; (literary) to donate; to contribute,
熟悉,shú xī,,4,,"v,vn,a",,,,FALSE,TRUE,,灬,2070,shuxi,to be familiar with; to know well,
数量,shù liàng,,4,,n,,,,FALSE,TRUE,數量,攵,2916,shuliang,amount; quantity; quantitative,
数字,shù zì,,4,,n,,,,FALSE,TRUE,數字,攵,1670,shuzi,numeral; digit; number,
帅,shuài,,4,,"nr,g",,,,FALSE,TRUE,帥,巾,1452,shuai,(bound form) commander-in-chief; (bound form) to lead; to command; handsome; graceful; dashing; elegant,multi_reading
顺便,shùn biàn,,4,,d,,,,FALSE,TRUE,順便,页,3796,shunbian,conveniently; in passing; without much extra effort,
顺利,shùn lì,,4,,"a,ad",,,,FALSE,TRUE,順利,页,1475,shunli,smoothly; without a hitch,
顺序,shùn xù,,4,,n,,,,FALSE,TRUE,順序,页,6178,shunxu,sequence; order,
说明,shuō míng,,4,,"v,vn,n",,,,FALSE,TRUE,說明,讠,968,shuoming,to explain; to illustrate; to indicate,
硕士,shuò shì,,4,,n,,,,FALSE,TRUE,碩士,石,9229,shuoshi,master's degree; person who has a master's degree; learned person,
死,sǐ,,4,,"v,a,vn,d",,,,FALSE,TRUE,,歹,177,si,to die; impassable; uncrossable,
速度,sù dù,,4,,n,,,,FALSE,TRUE,,辶,1337,sudu,speed; rate; velocity,
塑料袋,sù liào dài,,4,,n,,,,FALSE,TRUE,,土,12101,suliaodai,plastic bag,
酸,suān,,4,,"a,n",,,,FALSE,TRUE,,酉,3361,suan,sour; tart; sick at heart,
算,suàn,,4,,"v,d",,,,FALSE,TRUE,,⺮,698,suan,to regard as; to figure; to calculate,absent_sourceB
随便,suí biàn,,4,,"ad,a,v",,,,FALSE,TRUE,隨便,阝,2071,suibian,as one wishes; as one pleases; at random,
随着,suí zhe,,4,,p,,,,FALSE,TRUE,隨著,阝,3104,suizhe,along with; in the wake of; following,
孙子,sūn zi,,4,,"n,nr",,,,FALSE,TRUE,孫子,子,5639,sunzi,grandson; son's son,multi_reading
所有,suǒ yǒu,,4,,"b,v",,,,FALSE,TRUE,,户,238,suoyou,all; to have; to possess; to own,
台,tái,,4,,"q,n,b",,,,FALSE,TRUE,,口,696,tai,(classical) you (in letters); variant of 台,multi_reading
抬,tái,,4,,v,,,,FALSE,TRUE,,扌,3574,tai,to lift; to raise; (of two or more persons) to carry,
态度,tài du,,4,,n,,,,FALSE,TRUE,態度,心,1647,taidu,manner; bearing; attitude,
谈,tán,,4,,"v,g",,,,FALSE,TRUE,談,讠,862,tan,to speak; to talk; to converse,multi_reading
汤,tāng,,4,,"n,nr",,,,FALSE,TRUE,湯,氵,2237,tang,soup; hot or boiling water; decoction of medicinal herbs,multi_reading; single_char_multi_sound
躺,tǎng,,4,,v,,,,FALSE,TRUE,,身,1892,tang,to recline; to lie down,
趟,tàng,,4,,"qv,v",,,,FALSE,TRUE,,走,3174,tang,"classifier for times, round trips or rows; a time; a trip",multi_reading; single_char_multi_tone
讨论,tǎo lùn,,4,,"v,vn",,,,FALSE,TRUE,討論,讠,1047,taolun,to discuss; to talk over,
讨厌,tǎo yàn,,4,,v,,,,FALSE,TRUE,討厭,讠,1401,taoyan,to dislike; to loathe; disagreeable,
特点,tè diǎn,,4,,n,,,,FALSE,TRUE,特點,牛,4039,tedian,characteristic (feature); trait; feature,
提供,tí gōng,,4,,v,,,,FALSE,TRUE,,扌,621,tigong,to offer; to supply; to provide,
提前,tí qián,,4,,"v,vn",,,,FALSE,TRUE,,扌,2206,tiqian,to shift to an earlier date; to do sth ahead of time; in advance,
提醒,tí xǐng,,4,,"v,vn",,,,FALSE,TRUE,,扌,1634,tixing,to remind; to call attention to; to warn of,
填空,tián kòng,,4,,v,,,,FALSE,TRUE,,土,42424,tiankong,to fill a job vacancy; to fill in a blank (e.g. on questionnaire or exam paper),
条件,tiáo jiàn,,4,,n,,,,FALSE,TRUE,條件,木,1104,tiaojian,condition; circumstance; term; factor; requirement; prerequisite; qualification; situation; state; condition,
停止,tíng zhǐ,,4,,v,,,,FALSE,TRUE,,亻,1632,tingzhi,to stop; to halt; to cease,absent_sourceB
挺,tǐng,,4,,"d,v,g,q",,,,FALSE,TRUE,,扌,737,ting,straight; erect; to stick out (a part of the body),
通过,tōng guò,,4,,"p,v,vn",,,,FALSE,TRUE,通過,辶,343,tongguo,to pass through; to get through; to adopt (a resolution); to pass (legislation); to pass (a test),
通知,tōng zhī,,4,,"n,v",,,,FALSE,TRUE,,辶,1246,tongzhi,to notify; to inform; notice,
同情,tóng qíng,,4,,"v,vn",,,,FALSE,TRUE,,口,4665,tongqing,to sympathize with; sympathy,
推,tuī,,4,,v,,,,FALSE,TRUE,,扌,1277,tui,to push; to cut; to refuse,
推迟,tuī chí,,4,,v,,,,FALSE,TRUE,推遲,扌,6409,tuichi,to postpone; to put off; to defer,
脱,tuō,,4,,v,,,,FALSE,TRUE,脫,⺼,2303,tuo,to shed; to take off; to escape,
袜子,wà zi,,4,,n,,,,FALSE,TRUE,襪子,衤,6566,wazi,socks; stockings,
完全,wán quán,,4,,"ad,a",,,,FALSE,TRUE,,宀,393,wanquan,complete; whole; totally; entirely,
网球,wǎng qiú,,4,,n,,,,FALSE,TRUE,網球,网,5430,wangqiu,tennis; tennis ball,
网站,wǎng zhàn,,4,,n,,,,FALSE,TRUE,網站,网,1965,wangzhan,website; network station; node,
往,wǎng,,4,,"p,v",,,,FALSE,TRUE,,彳,760,wang,to go (in a direction); to; towards,multi_reading
往往,wǎng wǎng,,4,,d,,,,FALSE,TRUE,,彳,4050,wangwang,usually; in many cases; more often than not,
危险,wēi xiǎn,,4,,"a,an,n",,,,FALSE,TRUE,危險,㔾,1201,weixian,danger; dangerous,
味道,wèi dao,,4,,n,,,,FALSE,TRUE,,口,1705,weidao,flavor; taste; (fig.) feeling (of ...); sense (of ...); hint (of ...); (fig.) interest; delight,
温度,wēn dù,,4,,n,,,,FALSE,TRUE,溫度,氵,3440,wendu,temperature,
文章,wén zhāng,,4,,n,,,,FALSE,TRUE,,文,1958,wenzhang,article; essay; literary works,
握手,wò shǒu,,4,,"v,vn",,,,FALSE,TRUE,,扌,6920,woshou,to shake hands,
污染,wū rǎn,,4,,"vn,v",,,,FALSE,TRUE,,氵,3379,wuran,to pollute; to contaminate (lit. and fig.),
无,wú,,4,,v,,,,FALSE,TRUE,無,无,344,wu,not to have; no; none,
无聊,wú liáo,,4,,"a,an",,,,FALSE,TRUE,無聊,无,1955,wuliao,bored; boring; senseless,
无论,wú lùn,,4,,c,,,,FALSE,TRUE,無論,无,1069,wulun,no matter what or how; regardless of whether...,
误会,wù huì,,4,,"v,vn",,,,FALSE,TRUE,誤會,讠,4880,wuhui,to misunderstand; to mistake; misunderstanding,
吸引,xī yǐn,,4,,v,,,,FALSE,TRUE,,口,1617,xiyin,to attract; to appeal to; to fascinate,
洗衣机,xǐ yī jī,,4,,n,,,,FALSE,TRUE,洗衣機,氵,10344,xiyiji,washing machine; washer,absent_sourceB
西红柿,xī hóng shì,,4,,n,,,,FALSE,TRUE,西紅柿,西,10725,xihongshi,tomato,
咸,xián,,4,,a,,,,FALSE,TRUE,,口,7379,xian,all; everyone; each,multi_reading
现代,xiàn dài,,4,,t,,,,FALSE,TRUE,現代,王,2512,xiandai,modern times; modern age; modern era,multi_reading
限制,xiàn zhì,,4,,"v,vn",,,,FALSE,TRUE,,阝,2479,xianzhi,to restrict; to limit; to confine,
羡慕,xiàn mù,,4,,"v,vn",,,,FALSE,TRUE,羨慕,羊,4551,xianmu,to envy; to admire,
相反,xiāng fǎn,,4,,"v,vn",,,,FALSE,TRUE,,目,3525,xiangfan,opposite; contrary,
香,xiāng,,4,,"n,a,v",,,,FALSE,TRUE,,香,1953,xiang,fragrant; sweet smelling; aromatic,
详细,xiáng xì,,4,,"a,ad",,,,FALSE,TRUE,詳細,讠,2875,xiangxi,detailed; in detail; minute,
响,xiǎng,,4,,"v,a,q",,,,FALSE,TRUE,響,口,2237,xiang,echo; sound; noise,
消息,xiāo xi,,4,,n,,,,FALSE,TRUE,,氵,448,xiaoxi,news; information,
小说,xiǎo shuō,,4,,n,,,,FALSE,TRUE,小說,小,2624,xiaoshuo,novel; fiction,
效果,xiào guǒ,,4,,n,,,,FALSE,TRUE,,攵,1352,xiaoguo,result; effect; efficacy,
笑话,xiào hua,,4,,n,,,,FALSE,TRUE,笑話,⺮,4078,xiaohua,joke; jest; to laugh at; to mock,
心情,xīn qíng,,4,,n,,,,FALSE,TRUE,,心,1302,xinqing,mood; frame of mind,
辛苦,xīn kǔ,,4,,"a,v,ad,an",,,,FALSE,TRUE,,辛,2449,xinku,exhausting; hard; tough,
信任,xìn rèn,,4,,"v,vn",,,,FALSE,TRUE,,亻,1963,xinren,to trust; to have confidence in,
信心,xìn xīn,,4,,n,,,,FALSE,TRUE,,亻,2405,xinxin,confidence; faith (in sb or sth),
信用卡,xìn yòng kǎ,,4,,n,,,,FALSE,TRUE,,亻,3960,xinyongka,credit card,
行,xíng,,4,,"v,g,q,a,n",,,,FALSE,TRUE,,行,272,xing,to walk; to go; to travel,multi_reading; single_char_multi_sound
醒,xǐng,,4,,"v,g,vn",,,,FALSE,TRUE,,酉,1399,xing,to wake up; to be awake; to become aware,
兴奋,xīng fèn,,4,,"v,a,an",,,,FALSE,TRUE,興奮,八,1839,xingfen,excited; excitement; (physiology) excitation,
幸福,xìng fú,,4,,"a,an,nz",,,,FALSE,TRUE,,干,928,xingfu,happiness; happy; blessed,
性别,xìng bié,,4,,n,,,,FALSE,TRUE,性別,忄,6513,xingbie,gender; sex,
性格,xìng gé,,4,,n,,,,FALSE,TRUE,,忄,3053,xingge,nature; disposition; temperament,
修,xiū,,4,,v,,,,FALSE,TRUE,,亻,1778,xiu,to decorate; to embellish; to repair,absent_sourceB; multi_reading
许多,xǔ duō,,4,,m,,,,FALSE,TRUE,許多,讠,969,xuduo,many; a lot of; much,
血,xuè,,4,,n,,,,FALSE,TRUE,,血,726,xue,blood; colloquial pr. [xiě],
压力,yā lì,,4,,n,,,,FALSE,TRUE,壓力,厂,981,yali,pressure,
牙膏,yá gāo,,4,,n,,,,FALSE,TRUE,,牙,9450,yagao,toothpaste,
亚洲,yà zhōu,,4,,ns,,,,FALSE,TRUE,亞洲,一,3164,yazhou,Asia (abbr. for 亚细亚洲),
呀,ya,,4,,y,,,,FALSE,TRUE,,口,432,ya,"(particle equivalent to 啊 after a vowel, expressing surprise or doubt)",
严格,yán gé,,4,,"a,ad,v",,,,FALSE,TRUE,嚴格,一,2279,yange,strict; stringent; tight,
严重,yán zhòng,,4,,"a,ad",,,,FALSE,TRUE,嚴重,一,785,yanzhong,grave; serious; severe,
研究生,yán jiū shēng,,4,,n,,,,FALSE,TRUE,,石,7033,yanjiusheng,graduate student; postgraduate student; research student,absent_sourceB
盐,yán,,4,,n,,,,FALSE,TRUE,鹽,皿,3653,yan,salt,
演出,yǎn chū,,4,,"v,vn",,,,FALSE,TRUE,,氵,1568,yanchu,to act (in a play); to perform; to put on (a performance),
演员,yǎn yuán,,4,,n,,,,FALSE,TRUE,演員,氵,1643,yanyuan,actor or actress; performer,
阳光,yáng guāng,,4,,"n,nz",,,,FALSE,TRUE,陽光,阝,2043,yangguang,sunshine; (of personality) upbeat; energetic; transparent (open to public scrutiny),
养成,yǎng chéng,,4,,"v,vn",,,,FALSE,TRUE,養成,丷,13078,yangcheng,to cultivate; to raise; to form (a habit),
样子,yàng zi,,4,,n,,,,FALSE,TRUE,樣子,木,1140,yangzi,appearance; manner; pattern,
邀请,yāo qǐng,,4,,"v,vn",,,,FALSE,TRUE,邀請,辶,1683,yaoqing,to invite; invitation,
钥匙,yào shi,,4,,n,,,,FALSE,TRUE,鑰匙,钅,3354,yaoshi,key,
也许,yě xǔ,,4,,d,,,,FALSE,TRUE,也許,乚,601,yexu,perhaps; maybe,
叶子,yè zi,,4,,"n,nr",,,,FALSE,TRUE,葉子,口,10287,yezi,leaf; (slang) marijuana,
页,yè,,4,,"q,g",,,,FALSE,TRUE,頁,页,2404,ye,page; leaf,multi_reading; single_char_multi_sound
一切,yī qiè,,4,,r,,,,FALSE,TRUE,,一,350,yiqie,everything; every; all,
以,yǐ,,4,,"p,c,b",,,,FALSE,TRUE,,人,166,yi,to use; by means of; according to,multi_reading
亿,yì,,4,,m,,,,FALSE,TRUE,億,亻,3215,yi,100 million,
艺术,yì shù,,4,,n,,,,FALSE,TRUE,藝術,艹,1488,yishu,art,
意见,yì jiàn,,4,,n,,,,FALSE,TRUE,意見,心,995,yijian,idea; opinion; suggestion,
因此,yīn cǐ,,4,,c,,,,FALSE,TRUE,,囗,668,yinci,thus; consequently; as a result,
引起,yǐn qǐ,,4,,v,,,,FALSE,TRUE,,弓,1216,yinqi,to give rise to; to lead to; to cause; to arouse,
饮料,yǐn liào,,4,,n,,,,FALSE,TRUE,飲料,饣,3463,yinliao,drink; beverage,
印象,yìn xiàng,,4,,n,,,,FALSE,TRUE,,卩,2109,yinxiang,impression (sth that stays in one's mind); a memory,
赢,yíng,,4,,v,,,,FALSE,TRUE,贏,贝,952,ying,to beat; to win; to profit,
硬,yìng,,4,,"a,d",,,,FALSE,TRUE,,石,2476,ying,hard; stiff; solid; (fig.) strong; firm; resolutely; uncompromisingly,
永远,yǒng yuǎn,,4,,"d,b",,,,FALSE,TRUE,永遠,水,599,yongyuan,forever; eternal,
勇敢,yǒng gǎn,,4,,"a,ad,an",,,,FALSE,TRUE,,力,2934,yonggan,brave; courageous,
优点,yōu diǎn,,4,,n,,,,FALSE,TRUE,優點,亻,5641,youdian,merit; benefit; strong point,
优秀,yōu xiù,,4,,a,,,,FALSE,TRUE,優秀,亻,1689,youxiu,outstanding; excellent,
幽默,yōu mò,,4,,"a,an",,,,FALSE,TRUE,,幺,4810,youmo,(loanword) humor; humorous,
尤其,yóu qí,,4,,d,,,,FALSE,TRUE,,尢,2400,youqi,especially; particularly,
由,yóu,,4,,"p,v",,,,FALSE,TRUE,,田,353,you,to follow; from; because of; due to,
由于,yóu yú,,4,,"p,c",,,,FALSE,TRUE,由於,田,982,youyu,due to; as a result of; thanks to,
有趣,yǒu qù,,4,,a,,,,FALSE,TRUE,,月,2524,youqu,interesting; fascinating; amusing,
友好,yǒu hǎo,,4,,"a,ad",,,,FALSE,TRUE,,又,3210,youhao,friendly; amicable; close friend,multi_reading
友谊,yǒu yì,,4,,n,,,,FALSE,TRUE,友誼,又,3801,youyi,companionship; fellowship; friendship,
于是,yú shì,,4,,cc,,,,FALSE,TRUE,於是,二,1151,yushi,thereupon; as a result; consequently; thus; hence,
愉快,yú kuài,,4,,"a,ad,an",,,,FALSE,TRUE,,忄,2823,yukuai,cheerful; cheerily; delightful,
与,yǔ,,4,,"p,cc",,,,FALSE,TRUE,與,一,147,yu,and; to give; together with,multi_reading; single_char_multi_tone
羽毛球,yǔ máo qiú,,4,,n,,,,FALSE,TRUE,,羽,16966,yumaoqiu,shuttlecock; badminton,
语法,yǔ fǎ,,4,,n,,,,FALSE,TRUE,語法,讠,13430,yufa,grammar,
语言,yǔ yán,,4,,n,,,,FALSE,TRUE,語言,讠,1948,yuyan,language,
预习,yù xí,,4,,"v,vn",,,,FALSE,TRUE,預習,页,36044,yuxi,to prepare a lesson,
原来,yuán lái,,4,,"d,b",,,,FALSE,TRUE,原來,厂,790,yuanlai,original; former; originally,
原谅,yuán liàng,,4,,"v,vn",,,,FALSE,TRUE,原諒,厂,2754,yuanliang,to excuse; to forgive; to pardon,
原因,yuán yīn,,4,,n,,,,FALSE,TRUE,,厂,441,yuanyin,cause; origin; root cause,
圆,yuán,,4,,"g,a,n,v",,,,FALSE,TRUE,圓,囗,2899,yuan,circle; round; circular,
约会,yuē huì,,4,,"v,n,vn",,,,FALSE,TRUE,約會,纟,3731,yuehui,appointment; engagement; date,
阅读,yuè dú,,4,,"v,vn",,,,FALSE,TRUE,閱讀,门,4349,yuedu,to read; reading,
允许,yǔn xǔ,,4,,"v,vn",,,,FALSE,TRUE,允許,儿,1611,yunxu,to permit; to allow,
杂志,zá zhì,,4,,n,,,,FALSE,TRUE,雜誌,木,1627,zazhi,magazine,
咱们,zán men,,4,,r,,,,FALSE,TRUE,咱們,口,1405,zanmen,we or us (including both the speaker and the person(s) spoken to); (dialect) I or me; (dialect) (in a coaxing or familiar way) you,
暂时,zàn shí,,4,,"d,b",,,,FALSE,TRUE,暫時,日,2209,zanshi,temporary; provisional; for the time being,
脏,zāng,,4,,"a,g",,,,FALSE,TRUE,髒,⺼,4623,zang,dirty; filthy; to get (sth) dirty,multi_reading; single_char_multi_tone
责任,zé rèn,,4,,n,,,,FALSE,TRUE,責任,贝,935,zeren,responsibility; blame; duty,
增加,zēng jiā,,4,,"v,vn",,,,FALSE,TRUE,,土,1419,zengjia,to raise; to increase,
增长,zēng zhǎng,,4,,"v,vn",,,,FALSE,TRUE,增長,土,3521,zengzhang,to grow; to increase,absent_sourceB
窄,zhǎi,,4,,a,,,,FALSE,TRUE,,穴,8622,zhai,narrow; narrow-minded; badly off,
长城,cháng chéng,,4,,ns,,,,FALSE,TRUE,長城,长,9599,changcheng,the Great Wall,
长江,cháng jiāng,,4,,ns,,,,FALSE,TRUE,長江,长,20034,changjiang,"Yangtze River, or Chang Jiang",
招聘,zhāo pìn,,4,,"v,vn",,,,FALSE,TRUE,,扌,8004,zhaopin,to invite applications for a job; to recruit,
著名,zhù míng,,4,,,,,,FALSE,TRUE,,艹,1436,zhuming,famous; noted; well-known,
真正,zhēn zhèng,,4,,"b,d",,,,FALSE,TRUE,,目,544,zhenzheng,genuine; real; true; really; indeed,
整理,zhěng lǐ,,4,,"v,vn",,,,FALSE,TRUE,,攵,2737,zhengli,to arrange; to tidy up; to sort out,
整齐,zhěng qí,,4,,"a,ad",,,,FALSE,TRUE,整齊,攵,8739,zhengqi,orderly; neat; even,
正常,zhèng cháng,,4,,"a,ad",,,,FALSE,TRUE,,止,722,zhengchang,regular; normal; ordinary,
正好,zhèng hǎo,,4,,z,,,,FALSE,TRUE,,止,2469,zhenghao,just (in time); just right; just enough,
正确,zhèng què,,4,,"a,ad",,,,FALSE,TRUE,正確,止,1163,zhengque,correct; sound; right; proper,
正式,zhèng shì,,4,,"ad,a",,,,FALSE,TRUE,,止,1215,zhengshi,formal; official,
证明,zhèng míng,,4,,"v,n,vn",,,,FALSE,TRUE,證明,讠,838,zhengming,proof; certificate; identification,
之,zhī,,4,,"u,r,g",,,,FALSE,TRUE,,丿,160,zhi,"(possessive particle, literary equivalent of 的); him; her",
支持,zhī chí,,4,,"v,vn",,,,FALSE,TRUE,,支,546,zhichi,to be in favor of; to support; to back,
知识,zhī shi,,4,,n,,,,FALSE,TRUE,知識,矢,2284,zhishi,knowledge; intellectual,
直接,zhí jiē,,4,,"ad,a",,,,FALSE,TRUE,,目,588,zhijie,direct (opposite: indirect 间接); immediate; straightforward,
值得,zhí de,,4,,v,,,,FALSE,TRUE,,亻,1037,zhide,to be worth; to deserve,
职业,zhí yè,,4,,n,,,,FALSE,TRUE,職業,耳,1317,zhiye,occupation; profession; vocation; professional,
植物,zhí wù,,4,,n,,,,FALSE,TRUE,,木,3915,zhiwu,plant; vegetation,
只好,zhǐ hǎo,,4,,d,,,,FALSE,TRUE,,口,3132,zhihao,to have no other option but to ...; to have to; to be forced to,
只要,zhǐ yào,,4,,c,,,,FALSE,TRUE,,口,452,zhiyao,if only; so long as,
指,zhǐ,,4,,"v,g",,,,FALSE,TRUE,,扌,639,zhi,finger; to point at or to; to indicate or refer to,
至少,zhì shǎo,,4,,d,,,,FALSE,TRUE,,至,868,zhishao,at least; (to say the) least,
制造,zhì zào,,4,,"v,vn",,,,FALSE,TRUE,製造,刂,1600,zhizao,to manufacture; to make,
质量,zhì liàng,,4,,n,,,,FALSE,TRUE,質量,厂,2805,zhiliang,quality; (physics) mass,
中文,zhōng wén,,4,,nz,,,,FALSE,TRUE,,丨,6459,zhongwen,Chinese language,
重点,zhòng diǎn,,4,,"n,d",,,,FALSE,TRUE,重點,里,1381,zhongdian,important point; main point; focus; key (project etc); to focus on; to put the emphasis on,multi_reading
重视,zhòng shì,,4,,"v,vn",,,,FALSE,TRUE,重視,里,3506,zhongshi,to attach importance to sth; to value,
重新,chóng xīn,,4,,d,,,,FALSE,TRUE,,里,915,chongxin,again; once more; re-,
周围,zhōu wéi,,4,,f,,,,FALSE,TRUE,周圍,口,1649,zhouwei,environs; surroundings; periphery,
猪,zhū,,4,,n,,,,FALSE,TRUE,豬,犭,1583,zhu,hog; pig; swine,
逐渐,zhú jiàn,,4,,d,,,,FALSE,TRUE,逐漸,辶,3347,zhujian,gradually,
主动,zhǔ dòng,,4,,"ad,a,an",,,,FALSE,TRUE,主動,丶,2470,zhudong,to take the initiative; to do sth of one's own accord; spontaneous,
主意,zhǔ yi,,4,,n,,,,FALSE,TRUE,,丶,3584,zhuyi,plan; idea; decision,
祝贺,zhù hè,,4,,"v,vn",,,,FALSE,TRUE,祝賀,礻,3501,zhuhe,to congratulate; congratulations,
专门,zhuān mén,,4,,"d,b",,,,FALSE,TRUE,專門,一,2288,zhuanmen,specialist; specialized; customized,
专业,zhuān yè,,4,,n,,,,FALSE,TRUE,專業,一,1146,zhuanye,specialty; specialized field; main field of study (at university),
赚,zhuàn,,4,,v,,,,FALSE,TRUE,賺,贝,2163,zhuan,to earn; to make a profit,multi_reading; single_char_multi_sound
撞,zhuàng,,4,,v,,,,FALSE,TRUE,,扌,2075,zhuang,to knock against; to bump into; to run into,
准确,zhǔn què,,4,,"a,ad",,,,FALSE,TRUE,準確,冫,2864,zhunque,accurate; exact; precise,
准时,zhǔn shí,,4,,"ad,a,an",,,,FALSE,TRUE,準時,冫,6248,zhunshi,on time; punctual; on schedule,
仔细,zǐ xì,,4,,"ad,a",,,,FALSE,TRUE,仔細,亻,2274,zixi,careful; attentive; cautious; to be careful; to look out,
自然,zì rán,,4,,"n,d,a",,,,FALSE,TRUE,,自,929,ziran,nature; natural; naturally,
总结,zǒng jié,,4,,"v,vn",,,,FALSE,TRUE,總結,心,4753,zongjie,to sum up; to conclude; summary,
租,zū,,4,,"v,g",,,,FALSE,TRUE,,禾,2332,zu,to hire; to rent; to charter,
组成,zǔ chéng,,4,,"v,vn",,,,FALSE,TRUE,組成,纟,2717,zucheng,to form; to make up; to constitute,
组织,zǔ zhī,,4,,"n,v",,,,FALSE,TRUE,組織,纟,590,zuzhi,to organize; organization; (biology) tissue,
嘴,zuǐ,,4,,n,,,,FALSE,TRUE,,口,1059,zui,mouth; beak; nozzle,
最好,zuì hǎo,,4,,d,,,,FALSE,TRUE,,曰,1704,zuihao,best; (you) had better (do what we suggest),
最后,zuì hòu,,4,,f,,,,FALSE,TRUE,最後,曰,261,zuihou,final; last; finally,
尊重,zūn zhòng,,4,,"v,vn",,,,FALSE,TRUE,,寸,1926,zunzhong,to esteem; to respect; to honor,
作者,zuò zhě,,4,,n,,,,FALSE,TRUE,,亻,2796,zuozhe,author; writer,
座,zuò,,4,,"q,g",,,,FALSE,TRUE,,广,751,zuo,seat; base; stand,
座位,zuò wèi,,4,,n,,,,FALSE,TRUE,,广,4477,zuowei,seat,
做生意,zuò shēng yì,,4,,,,,,FALSE,TRUE,,亻,9762,zuoshengyi,to do business,absent_sourceB
